Scenario;Country;BVD_level;PTB_level;SAL_level;BDV_inc;PTB_inc;SAL_inc;NetReturn_PrCowYr;ReplacementRate;CowMortRate;CullRate;N_BoughtHeif;Income_Milk;Income_Slaughter;Income_HeifSale;Income_CalfSale;Income_StatusHeif;Income_StatusCow;Income_Total;Cost_FeedCows;Cost_FeedYoungstock;Cost_BoughtHeif;Cost_TreatmentsCows;Cost_Insem;Cost_OtherCow;Cost_OtherHeif;Cost_Total;MilkFever_inc;Dystocia_inc;RetPlacenta_inc;Metritis_inc;DisplAbomasum_inc;Ketosis_inc;Mastitis_inc
1;CAN;mean_p0;mean_p0;mean_p0;0;0;0;30944.558810231;31.3326332080909;7.59987422131382;23.7327589867771;0.08;766667.267073018;34381.3860996923;15216.6153846154;22368.192;220.74246153846;3.14473846153854;838857.347757326;246975.976831015;48651.6547784615;73.8461538461538;7894.70830769231;7010.75076923077;19343.7382840237;31947.7747715976;361898.449895867;2.79879703239569;1.95633893206824;6.41403548489178;8.95729908396359;2.62906569350586;10.2428967094196;21.3741250342383
2;CAN;mean_p0;mean_p0;p1_low;0;0;4.62810814075864;30747.7641410418;32.4118064328306;7.42533558873602;24.9864708440946;0.04;763184.23016183;36028.4061827692;13155.0769230769;22515.108;121.785846153846;7.33772307692305;835011.944836907;246231.939278769;48521.3263630769;36.9230769230769;8173.70553846154;6986.49230769231;19340.686183432;31869.6859372781;361160.758685633;2.66542938472853;1.94268966835577;6.44498491623164;8.95870822921748;2.63349789025333;9.93902425064057;21.6410182070923
3;CAN;mean_p0;mean_p0;p1_mid;0;0;18.5911476696311;30001.8804809419;34.7248264154188;7.89803826228076;26.8267881531381;0.064;750914.737289874;38562.3005230769;7166.76923076923;22822.8;-1.4027692307702;18.8684307692307;819484.072705259;243488.193549785;47548.5126769231;59.0769230769231;8972.56184615385;6845.76;19327.2673372781;31206.9939674556;357448.366300672;2.56142510551294;2.01796078226676;6.45146975097495;9.09878041591871;2.54541219096986;9.58625969106315;20.7629751463203
4;CAN;mean_p0;mean_p0;p1_high;0;0;42.804845585311;28011.0555174152;33.637513712603;8.40174144810371;25.2357722644993;1.076;711687.792792125;36679.8721827692;2988;20824.188;-896.748000000001;-7.33772307692293;771275.767251818;234290.146220308;42398.3928676923;993.230769230769;9975.60123076923;6000.25846153846;19290.0703254438;27780.2989804734;340727.998855456;2.23804876676316;1.89574357525754;5.68517463874359;8.37156237984648;2.37817129238466;8.60579525313997;19.3316473895764
5;CAN;mean_p0;p1_low;mean_p0;0;4.63424742600472;0;30805.2025738029;32.382825244514;7.6791823611349;24.7036428833791;0.048;764748.618184242;35699.9821310769;13672.3076923077;22510.488;130.811846153846;-1.04824615384641;836761.159607626;246592.709364185;48797.0574369231;44.3076923076923;8201.128;7017.78461538461;19340.0623964497;32047.4171366864;362040.466641936;2.73341966376569;1.98269479132024;6.62094171130891;9.10274363198847;2.73538746179135;10.0791158114981;21.7695068375609
6;CAN;mean_p0;p1_low;p1_low;0;4.6634528116114;4.69344207982433;30557.2184269075;33.4572202049048;7.82508694059699;25.6321332643079;0.06;760481.543730571;36974.7427901538;11507.3846153846;22750.728;-61.4083076923066;6.28947692307691;831659.280305341;245652.015043938;48606.4702092308;55.3846153846154;8353.01630769231;6966.16615384615;19334.7453550296;31921.5004733728;360889.298158495;2.63429721800672;1.93928585472132;6.49490112187785;9.11523016422102;2.65827762130938;9.74635282817501;21.312157081113
7;CAN;mean_p0;p1_low;p1_mid;0;4.81999388105831;18.7943543880144;29797.6197691954;35.5404931019856;8.06935574529844;27.4711373566871;0.072;747942.552042342;39477.1979095385;6151.38461538462;22710.996;29.8090769230757;6.289476923077;816318.229121112;242833.218907569;47867.2984923077;66.4615384615385;9203.61046153846;6799.01538461538;19323.7993786982;31417.0491349112;357510.453298102;2.50990586605798;2.00233829315398;6.4626251508507;9.19234124425581;2.61582522683182;9.4101239317886;20.774720444765
8;CAN;mean_p0;p1_low;p1_high;0;4.39948879617723;41.7445512402303;27584.5508571438;33.2783898998123;8.27413354544959;25.0042563543627;2.348;701662.056737881;36422.0723630769;2952.30769230769;20197.716;-1051.67476923077;-44.0263384615383;760138.451685574;231855.506637785;40967.5913784615;2167.38461538462;9864.67876923077;5726.65846153846;19265.5272781065;26836.5504881657;336683.897628672;2.10252144564638;1.84405778813292;5.59419724285186;8.11143686333289;2.3390972821517;8.16963938255893;18.7528371542182
9;CAN;mean_p0;p1_mid;mean_p0;0;19.2598960976756;0;30330.2093544296;35.3821335534292;8.1715250010329;27.2106085523963;0.052;758160.71163154;39117.8175169231;8765.84615384615;22879.164;93.8303076923066;9.43421538461533;829026.803825386;245167.483090708;49295.1121261538;48;8748.56830769231;6955.25538461539;19327.8762721893;32377.972108284;361920.267289643;2.53735771611112;2.05185547648101;6.42127799417383;9.14842150459707;2.67721366265116;9.6219352816917;21.6313921903827
10;CAN;mean_p0;p1_mid;p1_low;0;19.2371374924279;4.77979573257155;30072.2768336195;35.8475843814816;8.20683775604845;27.6407466254332;0.052;753431.741086026;39716.8065858462;7033.84615384615;22777.524;205.321999999999;3.14473846153828;823168.38456418;244110.637705846;48754.7451169231;48;8998.57046153846;6855.78461538462;19324.6756508876;32018.5103461538;360110.923896734;2.5038050474716;2.07018089285636;6.48229726463367;9.18991558662195;2.5537486089404;9.43772161965133;21.3612458797847
11;CAN;mean_p0;p1_mid;p1_mid;0;18.5256605263524;18.0538091650955;29236.754186161;35.8048075608984;8.41116566508986;27.3936418958085;0.156;737272.149421479;39492.285952;3426.46153846154;22042.944;-367.556923076922;-7.33772307692334;801858.946265786;240299.142141046;46005.1918030769;144;9550.31815384615;6398.30769230769;19314.2866272189;30197.9773846154;351909.223802111;2.36118366148481;2.06130209833776;6.12590474812042;8.87098340918747;2.41916566722064;8.92095362929876;20.5289960593511
12;CAN;mean_p0;p1_mid;p1_high;0;16.0212623836807;39.4673734947874;26277.8600089048;34.3097207045639;8.65270893061627;25.6570117739476;9.044;672966.755270992;37373.624256;2712.30769230769;18889.332;-783.228769230769;-68.1359999999999;731090.654450069;224872.577643323;37867.6381261538;8348.30769230769;9692.75292307692;5162.95384615385;19159.0156508876;24818.0996674556;329921.345549359;1.73323785258296;1.8804194838977;5.2242114159586;7.57427017492295;2.10209896550186;7.19306110871261;17.7321315402573
13;CAN;mean_p0;p1_high;mean_p0;0;47.3097053438826;0;29236.4145612676;36.1792235562989;8.8788756258988;27.3003479304001;0.22;738303.573991489;39462.4990633846;3458.46153846154;22142.736;-425.846769230769;-0.000000000000199823918096014;802941.423824104;240560.392479508;46425.7351169231;203.076923076923;9731.12461538462;6379.86461538462;19310.2468639053;30480.3121846154;353090.752798798;2.29170882759605;2.01974493990435;6.11519978108328;8.74684294375536;2.45366569914312;8.79080246275235;21.5411627277517
14;CAN;mean_p0;p1_high;p1_low;0;45.3157912986386;4.49109092031687;28687.1732476662;35.2586684237134;8.91433743792879;26.3443309857846;0.804;726158.928494595;38243.9318996923;3239.07692307692;21349.944;-981.356461538462;-12.578953846154;787997.945901979;237647.497092923;44420.8116830769;742.153846153846;9652.60030769231;6054.75692307692;19294.0878106509;29155.1307443787;346967.038407953;2.18153654351026;1.9473619133708;5.79005442686064;8.48593172022629;2.34562757684408;8.48196001602973;20.7604261200756
15;CAN;mean_p0;p1_high;p1_mid;0;41.4222080004179;15.8473744698932;26897.5655038829;34.324774906282;8.7939039557367;25.5308709505453;6.192;686406.435662441;37219.5334338462;2798.46153846154;19185.012;-804.42;-46.1228307692304;744758.899803979;228067.0495488;39634.0188584615;5715.69230769231;9481.33446153846;5294.04923076923;19193.7694970414;26001.4176159763;333387.331520279;1.86290933854246;1.81471838147763;5.2488504323254;7.72944272315853;2.16069566588906;7.40570791011123;18.7323074596964
16;CAN;mean_p0;p1_high;p1_high;0;39.2402991230027;37.6443685211684;24825.128721173;38.5592784326561;9.10812057155995;29.4511578610962;22.444;643450.606497482;42346.3075526154;2476.92307692308;17936.688;372.745538461537;-3.14473846153821;706580.125927021;217682.494103631;35210.4705384615;20717.5384615385;10086.1015384615;4530.07384615385;19019.2799408284;23113.7760538462;330359.734482921;1.40701513268941;1.88211685489508;4.73470911716518;7.50209058272398;1.96536647920934;5.98947684910455;16.4883041264383
17;CAN;p1_low;mean_p0;mean_p0;4.63210244627528;0;0;30838.3514145457;32.6524907815494;7.5591877757478;25.0933030058016;0.044;765339.465069009;36196.6753495385;12752;22589.028;-31.0160000000004;-0.0000000000000348787238407384;836846.152418548;246668.927252677;48559.8677661538;40.6153846153846;8062.76184615385;7046.91692307692;19340.5599408284;31882.4434;361602.092513505;2.731334885587;1.9586708296866;6.55081126197061;9.03261575246225;2.6355272493596;9.83326014279226;21.3257020917367
18;CAN;p1_low;mean_p0;p1_low;4.82123427153713;0;4.77330264962738;30521.2820875048;33.7985044997352;7.67723712462246;26.1212673751128;0.052;760300.919625871;37601.2138849231;10480.3076923077;22625.988;139.116769230769;8.38596923076926;831155.931941563;245578.804903385;48668.3025261538;48;8338.97538461538;7015.40307692308;19334.8790236686;31952.2171023669;360936.582017112;2.59036005885982;1.95323491125542;6.40895834325322;9.16510273678937;2.55839901371808;9.70232859085344;21.4278258199808
19;CAN;p1_low;mean_p0;p1_mid;4.64390235398482;0;18.443701490926;29818.3463652777;35.4107442636856;7.90305425010359;27.507690013582;0.112;748025.312620185;39497.3183273846;5383.69230769231;22563.156;-133.285846153846;10.4824615384613;815346.675870647;242790.056905846;47164.3842369231;103.384615384615;9080.21384615385;6785.50153846154;19324.7796153846;30948.465504142;356196.786262296;2.49778906069903;2.02421190229361;6.23047418484426;9.01202805459019;2.5837123819705;9.3776764577363;20.5258445173358
20;CAN;p1_low;mean_p0;p1_high;4.20360332566228;0;40.8870520724566;27434.8673229746;33.0276117557951;8.28110216531219;24.7465095904829;2.9;698007.950665595;36052.7886695385;2882.15384615385;19975.032;-1224.22461538461;-33.5438769230772;755660.156688979;230913.958029785;40209.3147969231;2676.92307692308;9658.94307692308;5701.51384615385;19253.9426627219;26340.6800621302;334755.27555156;2.08378885885908;1.88524624240287;5.46504273071597;7.91178881169765;2.26615575201006;7.90568343975529;18.3971642004451
21;CAN;p1_low;p1_low;mean_p0;4.78542474561232;4.6975517595457;0;30616.0910746296;33.7636904041251;7.74541103488977;26.0182793692353;0.04;761986.826901954;37485.3710646154;11277.8461538462;22616.748;120.206923076923;-2.09649230769239;833484.902551185;245961.259022769;48990.8313907692;36.9230769230769;8281.02769230769;7040.32615384615;19334.2329585799;32175.8397301775;361820.440025373;2.60840906205595;2.0012571395519;6.58294069972672;9.11946597484677;2.66434184688644;9.66270636799003;21.404579420125
22;CAN;p1_low;p1_low;p1_low;4.77038295562791;4.79036956636287;4.61659117809764;30425.3675801977;34.5664649194276;7.80286645584357;26.7635984635841;0.08;758660.897252085;38494.1187507692;9092;22735.944;89.6581538461531;-3.14473846153845;829069.473418239;245216.986746092;48504.8088892308;73.8461538461538;8487.28092307692;6975.08307692308;19330.3714201183;31848.8158420118;360437.193051299;2.55300192542067;2.02760536095284;6.44443110250851;9.00741460543298;2.62092307164775;9.46489621132367;21.0752421840168
23;CAN;p1_low;p1_low;p1_mid;4.70914764380951;4.67717931611115;18.2809795736472;29608.6519828831;35.6885990223261;8.0711907233995;27.6174082989266;0.108;744326.399188282;39678.8164153846;4325.53846153846;22287.804;-194.520153846154;4.1929846153846;810428.230895974;241908.167196554;46748.7343630769;99.6923076923077;9217.56615384615;6665.92615384615;19319.351183432;30675.9772378698;354635.414596317;2.38056208005691;2.06675748610313;6.17626492168392;8.92862688078247;2.52449511953891;9.13449149763374;20.5875641094199
24;CAN;p1_low;p1_low;p1_high;4.03070448035765;4.06084381100673;39.9117076186568;26966.2272876924;33.1178206097652;8.28694657930127;24.830874030464;4.8;687388.253011877;36226.7016043077;2829.23076923077;19409.544;-1170.14630769231;-61.846523076923;744621.736554646;228365.025390277;39038.7538369231;4430.76923076923;9609.36061538462;5458.04307692308;19217.3694378698;25570.6887183432;331690.01030649;1.93905613601405;1.77229964143502;5.43731648990018;7.76811161148355;2.23038344731894;7.68172249590064;18.2493917811238
25;CAN;p1_low;p1_mid;mean_p0;4.76218570268097;19.322529511737;0;30178.6019922834;36.1371453888905;8.16149003738528;27.9756553515052;0.052;755474.422866666;40186.7945956923;6261.84615384615;22798.776;97.8853846153854;-8.38596923076962;824811.339031589;244522.686208985;48615.4724707692;48;8842.95476923077;6869.07692307692;19323.160739645;31931.9418491124;360153.292960819;2.47402677814477;2.06433741229585;6.3788753565763;9.20263071260267;2.54795918855482;9.35050936977539;21.2009815567869
26;CAN;p1_low;p1_mid;p1_low;4.65302596049149;18.9498682028248;4.68499395138285;29929.3083773355;36.3368019378932;8.22278811231797;28.1140138255753;0.088;750882.058704404;40336.3484006154;4850.46153846154;22686.972;-31.4055384615388;14.6754461538462;818739.110551173;243448.0481664;47871.4279969231;81.2307692307692;9068.94246153846;6770.65846153846;19320.0343786982;31433.6667426035;357994.008976933;2.46842572277433;2.06067024866553;6.29395268254526;9.05822120889478;2.56038504083754;9.19016326864667;21.0085659757224
27;CAN;p1_low;p1_mid;p1_mid;4.40184170151521;17.7034985693627;17.1171297163318;28766.1463500868;34.7506147592562;8.2555932377456;26.4950215215106;0.744;726700.642943473;38320.6997163077;3138.76923076923;21005.292;-775.080307692309;4.19298461538473;788394.516567473;237687.691604677;44021.3947230769;686.769230769231;9331.004;6119.61230769231;19299.5385207101;28878.5924899408;346024.602876866;2.20291347733651;1.9868497407304;5.79840060083568;8.43351284800919;2.3990250307123;8.56750779299997;19.6642103214796
28;CAN;p1_low;p1_mid;p1_high;3.9972205132014;16.0230562138644;38.8058148922651;25881.9496499162;35.3282143061695;8.58048766233881;26.7477266438307;12.516;664186.835382143;38763.9641163077;2669.23076923077;18579.792;-444.991846153846;-41.9298461538463;723712.900575374;222698.8963584;37172.6032338462;11553.2307692308;9706.34584615385;5028.36923076923;19108.7710946746;24362.3114680473;329630.528001122;1.71366737935269;1.87937275867741;5.02978491068692;7.55997855262168;2.0875324014675;6.9575424900546;17.4356457587525
29;CAN;p1_low;p1_high;mean_p0;4.45006766722658;44.5565036070813;0;28678.4810132278;35.0679819222019;8.84817082843798;26.2198110937639;1.044;725635.039168606;38097.1841550769;3169.53846153846;20988.66;-860.604615384617;-25.1579076923075;787004.659262145;237434.962991262;44110.7635753846;963.692307692308;9429.52676923077;6028.11692307692;19289.9663609467;28944.2276106509;346201.256538244;2.15198140227834;1.94575566457532;5.74123849294014;8.26753934222964;2.38015155933414;8.37963802307865;20.4507210151267
30;CAN;p1_low;p1_high;p1_low;4.16714529903641;43.2328166458368;4.17506779404726;27973.9916192246;34.5280587254447;8.83765900243431;25.6903997230104;2.568;710066.448005767;37458.2708086154;2998.46153846154;20174.616;-926.380923076923;-31.4473846153846;769739.968045151;233712.070440369;42298.6506153846;2370.46153846154;9392.864;5732.36307692308;19256.1481952663;27753.4171840237;340515.975050428;2.08553496087544;1.92707370098046;5.53857770799038;8.0513192010662;2.26808736875746;7.96112341025112;19.8527734707023
31;CAN;p1_low;p1_high;p1_mid;3.96013432723668;40.7729062863107;15.6713611987903;26417.2925468575;35.430115183039;8.85278487225859;26.5773303107804;10.156;675715.846875243;38641.5307243077;2735.38461538462;18800.628;-637.875076923077;-55.5570461538462;735199.958091858;225425.351630769;38511.2748246154;9374.76923076923;9455.34707692308;5111.72307692308;19140.8144378698;25268.3444455621;332287.624723432;1.72095517190955;1.849990460479;5.23313678331293;7.72479941873955;2.06981922543749;7.06094248799058;18.342650565686
32;CAN;p1_low;p1_high;p1_high;3.72398123800949;39.1128106009132;37.5161268754256;24667.6785754047;39.4259049432628;9.25617805020561;30.1697268930572;24.136;640742.700281163;43354.8040787692;2432.30769230769;17953.32;-201.888461538461;0.0000000000000214238883044205;704281.243590701;217034.826624;34868.0352184615;22279.3846153846;10151.6006153846;4468.15384615385;19007.1383727811;22877.1301828402;330686.269475006;1.30024129341982;2.0052108476698;4.63414385051246;7.38291465731992;1.98289948289288;5.75557926860396;16.1372750486228
33;CAN;p1_mid;mean_p0;mean_p0;18.4847895766843;0;0;30356.1915448107;35.6848807165383;7.6549274746593;28.029953241879;0.06;758083.078898873;40191.6295052308;6252;22529.892;34.3116923076916;4.19298461538464;827095.105081027;244995.572009354;48150.3005046154;55.3846153846154;8485.61323076923;7014.90461538462;19325.6781656805;31613.9798094675;359641.432950656;2.46171394767188;2.00214535878182;6.3401207020667;9.07158134498779;2.57560172084981;9.24737720567766;20.8566023427588
34;CAN;p1_mid;mean_p0;p1_low;18.5752375163013;0;4.66228723810646;30088.3986544036;35.8265879556056;7.72989208127207;28.0966958743335;0.084;753013.668425172;40303.0500713846;4769.84615384615;22462.44;-97.0833846153837;3.14473846153838;820455.066004249;243812.154886892;47345.8715353846;77.5384615384615;8668.27876923077;6884.64;19323.0642011834;31076.5590360947;357188.106890324;2.36410648055271;2.02639810937592;6.26503053897949;8.91891635457445;2.53196826131284;9.03279758942146;20.3857607364187
35;CAN;p1_mid;mean_p0;p1_mid;17.2782517159914;0;17.0102207119683;28894.1447115702;34.1364214045675;7.87308856410846;26.2633328404591;0.596;728347.973961079;38000.7822129231;3112.61538461538;20750.268;-950.144615384617;-6.28947692307687;789255.20546631;237956.424466708;43390.8099938462;550.153846153846;8915.952;6216.92307692308;19305.1080473373;28453.2551390532;344788.626570021;2.13626153111757;1.93021800066291;5.72276845938639;8.33707578248723;2.35832499174528;8.3171087425584;18.9944802348753
36;CAN;p1_mid;mean_p0;p1_high;15.6001497622442;0;38.3317984926036;26058.3021350327;34.7652131778982;8.13133273239592;26.6338804455023;12.036;666523.077924232;38541.1581476923;2566.15384615385;18408.852;-517.278615384615;-45.0745846153847;725476.888718079;223132.163540677;36689.3497692308;11110.1538461538;9337.008;5166.94153846154;19114.3926035503;24042.1978721893;328592.207170263;1.72528921586501;1.83840043039114;4.9051132890383;7.46460607953652;2.04038191469933;6.94539705850298;16.7554418197546
37;CAN;p1_mid;p1_low;mean_p0;18.5723488095679;4.74197338150481;0;30156.1483283356;36.1715411947771;7.77345514151677;28.3980860532603;0.056;754887.674659016;40718.3740252308;5074.46153846154;22355.256;54.5290769230774;-2.09649230769225;823088.198807324;244256.317649723;48048.9692676923;51.6923076923077;8581.20184615385;6938.97230769231;19324.0518639053;31552.8882692308;358754.09351209;2.35999710161271;2.02429641229696;6.14481925374895;8.87251648887285;2.5418477998996;9.11630934138458;20.542615161482
38;CAN;p1_mid;p1_low;p1_low;18.3231080069076;4.70718940152724;4.54929386931216;29839.5411039744;35.8077989653558;7.78344360334845;28.0243553620074;0.136;748165.534118246;40252.1961803077;3865.53846153846;22072.512;-253.745538461538;-9.43421538461519;814092.601006246;242661.634666338;46561.2699630769;125.538461538462;8816.03938461538;6705.91384615385;19319.1432544379;30560.8436680473;354750.383244208;2.31262210029377;1.99882140395975;6.11235206001263;8.85874418037987;2.5225060376407;8.92469747522075;20.4738522640918
39;CAN;p1_mid;p1_low;p1_mid;16.8273666747001;4.26603839125107;16.6651729316534;28431.5864192426;33.7320799965744;7.96333742656732;25.7687425700071;1.548;717967.029613353;37427.3045956923;2966.76923076923;20156.136;-1066.41353846154;-32.4956307692309;777418.330270584;235462.703926154;42016.4727138462;1428.92307692308;8923.79261538461;5961.26769230769;19280.609556213;27546.5007573964;340620.270338225;2.08292260794679;1.8786381078093;5.59979592485027;8.06725833380758;2.29319389338663;8.09328402856794;18.8863953558085
40;CAN;p1_mid;p1_low;p1_high;15.4970016289735;3.87879902184477;38.1325689483136;25777.0056383558;35.6229317253356;8.34454045098249;27.2783912743531;14.992;661008.871595404;39400.7123969231;2580;18327.54;-224.211076923078;-36.6886153846151;721056.224300019;221807.741175138;36190.1804953846;13838.7692307692;9393.93415384615;5038.94769230769;19084.5919230769;23714.022268639;329068.186939162;1.60046256680396;1.83724319900013;4.85408167820465;7.46822993143041;2.00928820994446;6.71350457431435;16.6221730128823
41;CAN;p1_mid;p1_mid;mean_p0;17.6987579620707;17.7506164304058;0;29341.35774024;35.3213599393819;8.19945539246666;27.1219045469152;0.336;738313.927524672;39186.0479507692;3282.76923076923;21292.656;-976.113076923078;-10.4824615384615;801088.805167749;240300.391502769;44997.2495723077;310.153846153846;8843.78307692308;6363.91384615385;19309.0809763314;29525.7426301775;349650.315450817;2.23983735135288;1.91587990053284;5.81357531574019;8.48737427610009;2.43983722532776;8.51335334062996;20.1684770889037
42;CAN;p1_mid;p1_mid;p1_low;17.1268091515484;17.3369629736763;4.22160057064257;28798.2859604019;34.4607227954949;8.19318734888739;26.2675354466075;1.032;726307.643822497;38095.9601310769;3125.84615384615;20526.66;-956.052153846155;-11.5307076923075;787088.527245881;237437.4739968;43394.2159292308;952.615384615385;8805.78553846154;6076.02461538462;19290.8871893491;28464.468543787;344421.471197628;2.07381191753371;1.86761065885199;5.72289513744212;8.25503761937076;2.33203363076973;8.09690144851482;19.3866573848438
43;CAN;p1_mid;p1_mid;p1_mid;15.7611621380455;16.0187346697045;15.6444352681012;27035.1885273227;34.2867840603443;8.30054030758402;25.9862437527603;7.04;687419.804104096;37812.9234344615;2856.92307692308;18984.504;-1213.05507692308;-71.2807384615383;745789.818800096;228118.436458338;38986.4018830769;6498.46153846154;8835.18430769231;5398.28307692308;19181.3828698225;25560.7409349112;332578.891069226;1.7635937211281;1.8200461465866;5.21384515048281;7.72825144464176;2.17815440580399;7.08806539801088;17.8687274479391
44;CAN;p1_mid;p1_mid;p1_high;15.4428393127726;15.4855029746401;37.8136023819872;25193.4456506575;37.9680334049069;8.61228487552768;29.3557485293792;21.112;649452.327941887;42174.0868750769;2418.46153846154;18068.82;236.124615384615;-6.28947692307689;712343.531493887;219034.292570585;35218.1716215385;19488;9695.79261538461;4772.82461538462;19029.2085502959;23103.8029579882;330342.092931176;1.42457996441941;1.89739457642991;4.82969866556981;7.41898994185103;1.93188082343203;6.10205054033177;16.1874215205332
45;CAN;p1_mid;p1_high;mean_p0;15.8364690012536;40.5895675991384;0;26893.7345829942;35.1812557963063;8.5721804839329;26.6090753123734;8.304;685054.866816303;38663.6813723077;2753.84615384615;18731.328;-763.597846153846;-60.798276923077;744379.32621938;227561.054639262;39292.6546523077;7665.23076923077;8936.65907692308;5318.08615384615;19163.2856213018;25784.0091887574;333720.980101628;1.73895475348023;1.86800247316554;5.01142134996109;7.59266517917947;2.08757939310907;7.00821378675131;18.6253368672112
46;CAN;p1_mid;p1_high;p1_low;15.4896648086993;40.3460814254693;3.9643238924963;26463.9550398597;35.8794779542336;8.69625424682588;27.1832237074077;11.556;675941.196511201;39404.6536295385;2763.07692307692;18543.756;-569.642307692308;-60.798276923077;736022.242479201;225329.345926892;38350.5740707692;10667.0769230769;9047.64707692308;5135.15076923077;19121.0166272189;25167.3225532544;332818.133947366;1.67213577025864;1.88023639744481;5.0487642337984;7.63784786979418;2.06386316286403;6.67240759772379;18.1392881226344
47;CAN;p1_mid;p1_high;p1_mid;15.4510533236607;39.6678295331409;15.1631971682531;25606.4651506414;38.0833755668001;8.88548634262298;29.1978892241771;19.052;657942.976592058;42079.4018572308;2547.69230769231;18291.504;-164.458307692308;-28.3026461538459;720668.813803135;221010.528986585;36389.1400153846;17586.4615384615;9378.78307692308;4806.05538461538;19043.9863609467;23887.7541047337;332102.70946765;1.43157109701862;1.86750897274747;4.74275730832962;7.36056436433786;1.95467849620806;6.1641979659402;17.0326183509156
48;CAN;p1_mid;p1_high;p1_high;15.1768057334429;38.8225503150677;37.4051655745266;24091.7866862759;42.5573400042785;9.3060691814464;33.251270822832;31.944;630347.230936045;47562.4593261538;2423.07692307692;17714.928;-82.5021538461537;-8.38596923076862;697956.807062199;214555.9401216;33985.8105723077;29486.7692307692;10361.4661538462;4272.48;18963.4584319527;22295.172195858;333921.096706334;1.07718446440496;2.00575897358215;4.4473341549553;7.29208224722231;1.79808922227402;5.27811337586181;15.4556019949028
49;CAN;p1_high;mean_p0;mean_p0;40.2673154252103;0;0;27961.1241161443;33.6126361136176;7.65727596933005;25.9553601442875;4.224;706457.503637701;37690.4284892308;2927.69230769231;18973.416;-1343.98292307692;-69.1842461538461;764635.873265393;232450.445730462;40145.2670738462;3899.07692307692;8223.28676923077;5943.65538461538;19229.050591716;26319.5568426035;336210.33931555;1.84150317680188;1.82941901442882;5.11052759845531;7.58858733747725;2.12463406653424;7.43384854613219;18.0149483229165
50;CAN;p1_high;mean_p0;p1_low;39.4427548909262;0;3.84703761566419;27323.0724486289;34.0786897779569;7.74645261204129;26.3322371659156;7.768;692075.084614758;38173.1006843077;2806.15384615385;18525.276;-1019.07984615385;-70.2324923076925;750490.302806758;228979.351083323;38512.3775046154;7170.46153846154;8303.39446153846;5699.68615384615;19172.0260650888;25246.9681017751;333084.264908649;1.78646257199376;1.84487401815811;5.02109105535075;7.55899008796845;2.12086851282892;7.04134333702356;17.6675467124932
51;CAN;p1_high;mean_p0;p1_mid;38.3746908913019;0;14.955163003689;26245.4507268042;35.9025646028894;7.85908170196133;28.0434829009281;15.7;668821.636331026;40348.1495864615;2547.69230769231;17910.816;-133.402923076923;-15.7236923076922;729479.167609795;223378.790683569;36036.3107907692;14492.3076923077;8602.17292307692;5263.42153846154;19078.9852662722;23633.6046911243;330485.593585581;1.54226408331353;1.84183149045647;4.71581611174852;7.37531050582133;2.0320526396533;6.50094641593432;16.3920990433089
52;CAN;p1_high;mean_p0;p1_high;37.2031303542536;0;36.412125864392;24722.3596742506;39.5473539481488;8.22085784723694;31.3264961009119;27.716;639914.867283732;44748.4485187692;2352.30769230769;17181.78;237.196923076923;-9.43421538461499;704425.166202501;216529.763106462;33341.2637384615;25584;9476.33015384615;4626.99692307692;18986.4123076923;21864.531891716;330409.298121254;1.14913702516243;1.93217544525071;4.42159835425741;7.1266583092942;1.81623344477699;5.59512596694611;14.8999947614534
53;CAN;p1_high;p1_low;mean_p0;39.4506969849327;3.92247270218272;0;27445.7048599513;34.1246970363201;7.80282052226609;26.321876514054;7.412;694839.571918459;38167.6604406154;2880;18649.092;-1015.64846153846;-74.4254769230769;753446.250420613;229622.609974154;38939.2455753846;6841.84615384615;8216.23969230769;5734.85538461538;19176.7713017751;25530.2774301775;334061.84551226;1.71552093776517;1.81429092591513;4.97574020380161;7.57116071517046;2.05392825423185;7.03952846473217;17.9694103356106
54;CAN;p1_high;p1_low;p1_low;38.7306185296827;3.8293325900569;3.85151006485269;27053.3514794533;34.4847790206787;7.76359393353907;26.7211850871397;9.412;686237.453285417;38685.6134043077;2769.23076923077;18339.552;-816.799692307692;-56.6052923076923;745158.44447434;227573.459552492;38095.3588523077;8688;8301.56523076923;5572.02461538462;19149.6514201183;24975.3910828402;332355.450753912;1.66160259690693;1.80278493416103;4.82126778958673;7.45887499320714;2.06291786924162;6.86794888630937;17.4929168498978
55;CAN;p1_high;p1_low;p1_mid;38.1849824785121;3.89365736253697;14.8817708171398;26058.8181675086;36.5644896030304;7.97585470465746;28.5886348983729;17.08;665387.692029216;41090.9577889231;2504.61538461538;17716.776;8.20861538461534;-14.6754461538461;726693.574371986;222542.527582523;36041.6045415385;15766.1538461538;8665.35969230769;5182.50461538462;19061.4672485207;23641.983104142;330901.60063057;1.4201022660237;1.89009898017458;4.74448122754644;7.30517018194806;1.96099408614254;6.22127157540221;16.2147437705094
56;CAN;p1_high;p1_low;p1_high;37.1592902317006;3.75439730746117;36.4776468741597;24546.479220046;40.426607869799;8.40827299685504;32.0183348729439;29.476;636866.314145363;45707.5239796923;2333.84615384615;17204.88;257.19876923077;-5.24123076923019;702364.521817363;215837.903976369;33233.3336707692;27208.6153846154;9600.96830769231;4549.40307692308;18976.7213313609;21792.3155402367;331199.261287967;1.14363495983386;1.91485543398952;4.29561390560728;7.19335769411523;1.82123521201276;5.36993596630941;14.8627951222336
57;CAN;p1_high;p1_mid;mean_p0;38.4202726518637;15.3287679937012;0;26532.5080827094;35.9943422269648;8.06190795935674;27.932434267608;14.276;675267.582378042;40274.7345532308;2689.23076923077;17998.596;-349.583692307693;-30.399138461538;735850.160869734;224897.946987323;37031.1093753846;13177.8461538462;8405.50953846154;5308.56;19092.5674852071;24291.0569887574;332204.59652898;1.59172364325981;1.87285711149848;4.83378322600459;7.37008319358813;1.9780191893606;6.47801049286559;17.064264401948
58;CAN;p1_high;p1_mid;p1_low;38.1866158775942;15.2580877184771;3.72387504817984;26234.7399909381;36.7156718895078;8.04513017933811;28.6705417101697;16.408;669062.722041302;41257.4505889231;2586.15384615385;17875.704;-226.882;-26.2061538461536;730528.942322532;223423.205458708;36534.8502738462;15145.8461538462;8554.35292307692;5192.30769230769;19069.754704142;23970.7535497041;331891.070755631;1.47009395904815;1.90348973155861;4.77080354455866;7.39710520924028;1.93790592968461;6.30565751294679;16.8699240490585
59;CAN;p1_high;p1_mid;p1_mid;37.9996910256776;15.1515953995831;14.8408019506712;25452.0784403273;39.0060604917719;8.40332017097792;30.602740320794;23.2;654081.895132839;43871.5134621539;2432.30769230769;17628.072;45.7558461538445;-7.33772307692279;718052.206410377;219883.082723446;35178.0151938461;21415.3846153846;8950.10984615385;4892.28923076923;19015.2550295858;23078.6297502959;332412.766389482;1.26310869730514;1.91092028655247;4.64636946101285;7.26194790794897;1.80124389189237;5.63932731900739;15.8723655163265
60;CAN;p1_high;p1_mid;p1_high;37.314333570346;14.8201626892966;36.3360901362334;24066.8076356787;42.7021032372368;8.57269420633851;34.1294090308983;34.596;628508.180597334;48639.8751483077;2300;17209.5;68.097076923076;-10.4824615384612;696715.170361026;213942.274932185;32692.2244923077;31934.7692307692;9996.596;4345.31076923077;18950.5965384615;21442.4092189349;333304.181181889;1.00051454542947;2.01119997921051;4.33624286679886;7.16654102947623;1.76260884755113;5.01266780678031;14.5613454550425
61;CAN;p1_high;p1_high;mean_p0;37.5340866272098;37.8551184114884;0;25273.9297557614;40.0420904526538;8.68195938425959;31.3601310683942;25.452;651365.070810158;44887.1040867692;2506.15384615385;17346.252;218.150307692309;-23.061415384615;716299.669635389;219201.163900062;35196.6686123077;23494.1538461538;8947.78092307692;4687.03384615385;19001.1752662722;23114.0544905325;333642.030884559;1.19501640326863;1.87579970130103;4.47302380723515;7.25109515116259;1.86360238953012;5.45860759540162;16.1829171290955
62;CAN;p1_high;p1_high;p1_low;37.4356854012794;37.8831402689497;3.71754580408596;25068.8469689764;40.6826484194279;8.72856120474172;31.9540872146861;27.244;647323.998112773;45703.3752098462;2467.69230769231;17422.02;139.702153846153;-1.04824615384566;713055.739538004;218259.963967015;34774.7613723077;25148.3076923077;9142.72738461538;4612.70769230769;18988.1871301775;22836.1999899408;333762.855228672;1.18562312373386;1.92385379803554;4.37850410144391;7.22760790773553;1.82217846140823;5.35047704097014;16.0068679807394
63;CAN;p1_high;p1_high;p1_mid;37.3118548680096;37.9229187185826;14.6109707546439;24408.5826892461;43.1149347029625;8.87013103128447;34.244803671678;33.684;635558.742609209;48829.8819076923;2370.76923076923;17227.98;254.644923076923;-9.43421538461516;704232.584455363;215551.980961477;33778.6055415385;31092.9230769231;9652.11753846154;4372.39384615385;18954.9110650888;22173.950987574;335576.883017217;1.04712790152553;1.9903955281437;4.28836576524001;7.23009871733869;1.72960384589374;4.88936288985345;15.1651120736463
64;CAN;p1_high;p1_high;p1_high;37.1138224872341;37.6632022234426;36.321416941495;23139.111814419;47.4661983342681;9.31482398094298;38.1513743533251;44.92;613376.894526922;54179.6759587692;2169.23076923077;17100.468;272.580923076924;0.000000000000184791605094804;687098.850177999;210490.976288492;31981.05444;41464.6153846154;10725.1009230769;3905.22461538462;18908.3572485207;20999.6189502959;338474.947850386;0.796481064400256;2.09944330354283;4.04365852926562;7.13968179879542;1.55619788975049;4.26419243231899;13.848463816616
65;DK;mean_p0;mean_p0;mean_p0;0;0;0;30251.0070294877;34.688578624708;4.93368971908685;29.7548889056211;0.06;949692.936630891;46848.3689916483;20106.7692307692;15097.2147692308;1.67599999999803;6.6408791208791;1031753.60650166;269841.840521538;59526.2936615385;55.3846153846154;12927.2433846154;9455.92615384615;24130.3676923077;74168.9457214793;450106.00175071;12.3045723787;1.36984503192994;8.38544931747246;6.47475969004658;2.78768957751368;6.74999132022547;28.273780037207
66;DK;mean_p0;mean_p0;p1_low;0;0;5.1429398025404;29931.5289789092;36.2207702755883;4.96849198018997;31.2522782953983;0.084;944350.808383049;49039.3633195604;17252.3076923077;15186.3950769231;27.1169230769221;1.32817582417585;1025857.31957074;268847.510545385;60000.8518061538;77.5384615384615;13226.3886153846;9452.60307692308;24124.5828106509;74760.9232867456;450490.398602781;11.9761811446238;1.32535652839425;8.32184432257817;6.64276626333189;2.78357256037015;6.7035923285252;28.0532381647479
67;DK;mean_p0;mean_p0;p1_mid;0;0;20.2212459821085;29212.8210225024;39.6464099379242;5.20151063504864;34.4448993028756;0.076;930826.785043303;53749.4032685714;8074.15384615385;15450.2584615385;111.618769230768;2.65635164835183;1008214.87574045;266165.869610769;59395.8004615385;70.1538461538462;14138.9532307692;9255.37846153846;24105.4459171598;73977.3418569231;447108.943384852;11.0918129540196;1.4305352006133;8.41817430887084;6.78580196456361;2.72009259568245;6.23953657955021;27.4700066784783
68;DK;mean_p0;mean_p0;p1_high;0;0;43.9958438778158;27546.4415702094;35.6849961930808;5.32955661664243;30.3554395764384;1.328;879759.766257267;48095.2616949451;3832.30769230769;13286.9464615385;-1577.32953846154;-34.5325714285717;943362.419996168;255220.792283077;50167.9078184615;1225.84615384615;14315.8172307692;7558.28307692308;24076.9670710059;62320.562975503;414886.176609586;8.97493196104593;1.23974277189031;7.01351714545735;5.77210640330794;2.38969515915364;5.29416264988851;24.1648598095922
69;DK;mean_p0;p1_low;mean_p0;0;5.18162428424882;0;30028.9478414756;36.1785718375801;4.99595125445116;31.182620583129;0.076;946764.901537725;48943.3537705494;17491.3846153846;15201.5649230769;274.937538461538;-10.6254065934066;1028665.5169786;269340.856926923;60214.4397538462;70.1538461538462;13221.6652307692;9462.12923076923;24123.3352366864;75023.2238501183;451455.804075266;12.0264308226655;1.38144861368621;8.3943407125515;6.60626580835598;2.79330513498946;6.7695587010101;28.5606052126101
70;DK;mean_p0;p1_low;p1_low;0;5.24216452287061;5.14129977535743;29740.79625434;37.6318812545115;5.08686871595238;32.5450125385591;0.052;941721.16205911;50951.665803956;14371.6923076923;15319.2461538462;186.299384615383;13.2817582417584;1022563.34746746;268356.833252308;60434.0706461538;48;13349.5116923077;9433.21846153846;24117.320147929;75296.0046908876;451034.958891124;11.513864078685;1.36578069841995;8.34999614514197;6.71843358696594;2.75717410582818;6.4734518409442;27.880758767491
71;DK;mean_p0;p1_low;p1_mid;0;5.14466016416626;20.3014400660285;29068.5502141507;40.3258186746808;5.25201530323515;35.0738033714457;0.084;928261.186157398;54658.4594989011;6253.53846153846;15352.8036923077;213.484;2.65635164835115;1004742.12816179;265622.093259231;59352.3109692308;77.5384615384615;14257.2726153846;9153.30461538462;24101.5101183432;73934.33658071;446498.366619822;10.8548894389534;1.44357842018129;8.27855428144539;6.71961435377687;2.68369649582412;6.16682030493623;27.0274717018794
72;DK;mean_p0;p1_low;p1_high;0;4.31175769086467;42.6463093480167;27161.5101049038;35.3583492100903;5.2800744829665;30.0782747271238;3.02;867004.794098702;47761.1211217582;3641.53846153846;12832.3107692308;-1560.13538461538;-73.0496703296704;929606.579396284;252475.593715385;48443.8998707692;2787.69230769231;13973.0304615385;7209.52615384615;24046.5797337278;60234.0391278106;409170.361370769;8.41783267493183;1.19793651750594;6.7606214000699;5.54816466908498;2.24331733790388;5.00698613428478;23.4403616929328
73;DK;mean_p0;p1_mid;mean_p0;0;20.8892956250547;0;29478.993012867;40.0269547935292;5.39374744306575;34.6332073504634;0.056;938732.714661629;54084.0689424176;9939.07692307692;15520.5913846154;53.4953846153828;-6.64087912087908;1018323.30641723;267801.781223077;61002.4448892308;51.6923076923077;13773.2784615385;9364.32;24105.3939349112;76007.0824775148;452105.993293964;11.0742264730491;1.47379081446366;8.4037983924348;6.81947426733492;2.75693599972958;6.33248406282782;28.1556646756899
74;DK;mean_p0;p1_mid;p1_low;0;20.8869342212929;5.20250457890014;29265.5167790891;40.8326148232799;5.41882429369283;35.4137905295871;0.08;933952.416773711;55190.9012008791;7164.92307692308;15518.2929230769;65.1658461538455;3.98452747252738;1011895.68434822;266827.870779231;60376.0240861538;73.8461538461538;14034.8556923077;9233.94461538461;24100.7600887574;75239.1762901775;449886.477705858;10.7527097487608;1.44363115999082;8.26597996660141;6.82719769924709;2.67735979102885;6.21992428569563;28.0713673617915
75;DK;mean_p0;p1_mid;p1_mid;0;19.5555299356232;19.1388907108157;28704.4956616743;39.0366134892731;5.52549867809614;33.511114811177;0.192;916083.170642491;52501.0730654945;4198.15384615385;14570.8670769231;-650.92430769231;-1.32817582417602;986701.012147546;262905.585812308;55972.2337907692;177.230769230769;14344.5944615385;8377.2;24096.6980473373;69685.0132457396;435558.556126923;9.89396420217248;1.35253908181998;7.66163801475416;6.39725562509339;2.53997674778364;5.86358871152213;26.4126962272144
76;DK;mean_p0;p1_mid;p1_high;0;16.1258948676723;39.8388640356292;25925.2516554269;36.445108065467;5.37918834435501;31.065919721112;12.948;830387.315983558;49304.6709186813;3380;11962.1132307692;-1068.88123076923;-106.254065934066;893858.964836305;244549.727196923;44403.2478769231;11952;13295.4513846154;6405.72923076923;23920.1440532544;55193.1612209467;399719.460963432;6.855875584826;1.15107651562409;6.08115878791588;5.26604289098657;1.98233175676772;4.39569218089123;21.8783114854024
77;DK;mean_p0;p1_high;mean_p0;0;48.2306301003879;0;28628.0761750141;38.6077817870488;5.94509094383843;32.6626908432104;0.336;912678.925053768;51485.9285925275;4100;14194.3790769231;-1094.90338461539;6.64087912087903;981370.970217724;262172.064565385;54756.5309846154;310.153846153846;14224.7006153846;8069.48307692308;24091.2993195266;68194.758456213;431818.990864201;9.42972945470038;1.34000878822933;7.37162162516183;6.14542162638936;2.47804698809293;5.52672497405615;27.3771458723965
78;DK;mean_p0;p1_high;p1_low;0;45.893344706718;4.49070919814978;28154.8080967699;37.1348826793676;5.8636119636065;31.2712707157611;1.04;897052.835404531;49593.5135718681;3976.92307692308;13447.8387692308;-1321.49507692308;-21.250813186813;962728.364932443;258795.076956923;52234.2439723077;960;13894.7064615385;7587.96923076923;24076.9819230769;65032.8316615385;422581.810206154;8.71841650274745;1.31674607514562;7.02955749004985;5.87477278722244;2.34960565466973;5.22843919321335;26.3250904559636
79;DK;mean_p0;p1_high;p1_mid;0;41.4969220523962;16.1085280387208;26485.1271047669;36.735490634402;5.63249160944445;31.1029990249575;9.868;846421.781106068;49408.8724518681;3564.61538461538;12165.2972307692;-1644.53569230769;-110.238593406593;909805.791887607;247923.252747692;46213.4541292308;9108.92307692308;13046.0963076923;6542.25230769231;23954.8830473373;57470.295113787;404259.156730355;7.13447448531508;1.15582178984945;6.08018360992968;5.29215853000241;2.00529178871082;4.40713370867886;23.056023602457
80;DK;mean_p0;p1_high;p1_high;0;39.452242147052;38.1649099178476;24668.8200643431;40.9824966882042;5.69170345889443;35.2907932293098;30.472;798108.879530102;55535.9748061538;3040;11395.7723076923;199.289538461539;-3.98452747252747;868275.931654937;237549.008111538;41159.5190769231;28128;13252.1843076923;5551.80923076923;23786.5496745562;51289.528932426;400716.599333905;5.02283807302305;1.23541994955963;5.44657672455188;5.11539509028561;1.76302538630228;3.52283369134697;19.6660747370814
81;DK;p1_low;mean_p0;mean_p0;5.09678383592208;0;0;30046.0537451534;36.4202485768754;4.95272329509806;31.4675252817774;0.028;947216.458892059;49377.6424210989;16635.6923076923;15180.4190769231;163.700923076922;-7.96905494505521;1028565.94456591;269380.065807692;60068.60516;25.8461538461538;13083.3393846154;9523.93846153846;24123.3723668639;74821.2526421893;451026.419976746;11.9655886138883;1.36063142656372;8.34948893406796;6.55664442623557;2.78210156840046;6.59185995199348;28.1827660391989
82;DK;p1_low;mean_p0;p1_low;5.1192438478737;0;5.04879452760976;29779.1854026982;37.8107151976105;5.00878974330387;32.8019254543066;0.068;942396.480725735;51331.8295156044;13428.9230769231;15310.0523076923;47.1615384615373;-10.6254065934065;1022503.82175782;268468.556870769;60023.3653169231;62.7692307692308;13372.8692307692;9466.28307692308;24115.5824556213;74769.6417933728;450279.067975148;11.6027506198986;1.37709013381019;8.42583865123254;6.66605077110076;2.74937177954604;6.49470795354027;27.9035940000098
83;DK;p1_low;mean_p0;p1_mid;5.10433883427262;0;20.1033446965697;29131.6103592066;40.0137550186117;5.11236182320617;34.9013931954056;0.052;928810.058001672;54369.1508448352;5964.61538461538;15259.4861538462;-113.085846153846;11.9535824175823;1004302.17812123;265662.368626154;58680.8869938462;48;14143.5344615385;9118.41230769231;24102.7651183432;73062.2600499408;444818.227557515;10.7053290391158;1.41786907487984;8.19642049406592;6.69682859991184;2.68995785562656;6.12488991995029;26.9075192849027
84;DK;p1_low;mean_p0;p1_high;4.27293626836911;0;41.9838423268346;27125.5390352546;35.0568535924265;5.1999008321338;29.8569527602926;3.692;864436.683666567;47465.1579745055;3560;12723.3636923077;-1670.17569230769;-83.6750769230771;926431.354564149;251872.254456923;47539.0123784615;3408;13811.0455384615;7133.64923076923;24038.5373372781;59053.7204728402;406856.219414734;8.29021768901635;1.2047393418144;6.60354090612315;5.54991814166924;2.26177441765407;4.93943768368333;23.2324108231298
85;DK;p1_low;p1_low;mean_p0;5.16060323678441;5.17180470520685;0;29837.648733867;37.964854499209;5.01009906168366;32.9547554375253;0.064;944281.403958068;51545.6243235165;14104.9230769231;15281.5513846154;197.609538461538;-9.29723076923035;1025401.81505082;268853.949685385;60620.0350061538;59.0769230769231;13331.7987692308;9509.59384615385;24116.8448816568;75532.1045607692;452023.403672426;11.6133522022537;1.3882214067649;8.51507923079247;6.69132103691478;2.77643775270232;6.60007387844218;28.1279385769265
86;DK;p1_low;p1_low;p1_low;5.14639872104496;5.14801580944032;5.14160997959472;29581.8331043483;39.2035689844096;5.0423205894694;34.1612483949402;0.088;939596.193659014;53324.4510558242;11055.0769230769;15337.1741538462;404.793538461539;-3.98452747252717;1019713.70480275;267913.849036154;60710.8163723077;81.2307692307692;13513.9966153846;9455.87076923077;24108.3346449704;75667.5576287574;451451.655836035;11.2394447745749;1.35347650564215;8.42516431362742;6.71611341913962;2.68772224570203;6.46304762689191;27.6813362184655
87;DK;p1_low;p1_low;p1_mid;5.06650820135837;5.04408347208088;19.9343695858654;28995.631123918;40.1051507959772;5.24597253184287;34.8591782641343;0.084;925346.485872191;54386.5313002198;4896.92307692308;15060.8990769231;-307.373230769231;-6.64087912087913;999376.825216367;264911.412973846;58066.6214061538;77.5384615384615;14227.3649230769;8910.11076923077;24099.8021301775;72279.6498527219;442572.500516746;10.4358628933401;1.35074765972863;7.96188999438038;6.60311109761461;2.57491303020418;6.10320540674608;26.9092376965327
88;DK;p1_low;p1_low;p1_high;4.17691017488133;4.22361062911366;40.9230749880257;26718.0692411085;35.262276012537;5.214797539273;30.047478473264;6.24;852680.916394836;47742.8231331868;3526.15384615385;12422.7249230769;-1518.59107692308;-94.3004835164833;914759.726736814;249330.585233077;46481.1289323077;5760;13599.9667692308;6899.42769230769;23999.394704142;57751.1168570414;403821.620188106;7.81464121359402;1.17295205679261;6.42132864343035;5.45612005753166;2.14157530880428;4.69975426484206;22.8088890754856
89;DK;p1_low;p1_mid;mean_p0;5.16737409289623;20.7607760938877;0;29373.0468458361;40.7885978626843;5.45098510571421;35.3376127569701;0.072;936095.619115873;55111.7000175824;6768.30769230769;15451.6375384615;13.9953846153836;-3.98452747252758;1013437.27522137;267217.449666923;60068.29636;66.4615384615385;13829.9929230769;9230.23384615385;24100.2402662722;74863.2640989941;449375.938699882;10.6952444082048;1.44205730703304;8.23253882277131;6.67030007946532;2.69183416266401;6.18159003546892;28.0511925330589
90;DK;p1_low;p1_mid;p1_low;5.05896752563695;20.5162696476113;5.06376157621983;29184.7063798467;40.8971795384328;5.42431787768323;35.4728616607495;0.144;931383.297171387;55283.6218408791;5264.61538461538;15298.56;-274.919692307694;1.32817582417571;1006956.5028804;266188.076196923;59233.7070061538;132.923076923077;14086.1923076923;9035.66769230769;24097.6411538462;73797.7089988757;446571.916432722;10.5922523518877;1.41176505197846;8.11805745432536;6.69823769034923;2.63443683459541;6.05084670050452;27.6407498993399
91;DK;p1_low;p1_mid;p1_mid;4.5620163415653;18.4868797480781;18.1374610249512;28429.8151771954;37.3384875656296;5.36351119713722;31.9749763684923;0.476;904194.837651089;50406.5045556044;4006.15384615385;13759.9698461538;-1260.58892307693;-3.98452747252725;971102.892448452;260256.15207;52995.2697384615;439.384615384615;13791.7258461538;7880.23384615385;24090.0294674556;65932.6899621302;425385.48554574;9.13684647118655;1.2583110726969;7.18283369580949;5.96463294724355;2.42849885348054;5.32340951559341;25.5318954106654
92;DK;p1_low;p1_mid;p1_high;3.94629349690031;16.0117208610957;39.3159956975125;25668.5833318173;37.5257914684354;5.30165921968113;32.2241322487543;17.384;822685.734994636;50936.0511279121;3258.46153846154;11798.9224615385;-701.509538461539;-53.1270329670328;887924.53355112;242810.891626154;43469.0808830769;16046.7692307692;13088.1233846154;6247.21846153846;23875.8254733728;54052.6405159172;399590.549575444;6.39003844572227;1.151565784043;5.9485529678857;5.13834237529906;1.96990253647309;4.10475569122868;21.0318555774264
93;DK;p1_low;p1_high;mean_p0;4.46095690009036;45.5001123306299;0;28159.633088003;37.0337118189629;5.70580952959565;31.3279022893673;1.284;895978.154136785;49637.7154479121;3935.38461538462;13331.0769230769;-1382.49476923077;-31.8762197802197;961467.960134148;258524.861199231;51864.4758923077;1185.23076923077;13564.2430769231;7558.83692307692;24072.8678994083;64549.790255503;421320.30601568;8.5129489736535;1.23996964297252;6.93123536588487;5.74101739269229;2.37405674488486;5.16519367780011;25.9960106489959
94;DK;p1_low;p1_high;p1_low;4.30830259464401;43.9102806519986;4.28421526991945;27602.2091059073;36.5252534469449;5.63358992095827;30.8916635259867;3.176;878715.715896618;49079.8561951648;3780;12862.6504615385;-1806.72584615385;-57.1115604395601;942574.385146728;254851.011768462;49676.9032676923;2931.69230769231;13373.7726153846;7179.61846153846;24038.4036686391;61822.3432366864;413873.745326095;8.05266757837841;1.18232021454212;6.65514188564883;5.5597269896369;2.24890001590395;4.88017709101642;25.2185318461256
95;DK;p1_low;p1_high;p1_mid;3.97815718982089;41.0025015751711;15.76916526037;26101.9827458374;37.6743218406168;5.65729321364664;32.0170286269701;14.976;835180.008543561;50739.8720123077;3395.38461538462;11929.4750769231;-745.213538461538;-87.6596043956043;900411.86710532;245465.715835385;44973.2985415385;13824;12883.1329230769;6350.28923076923;23897.754556213;55978.7754631953;403372.966550177;6.56349194881307;1.19570669979405;6.05296171890247;5.34852152410268;1.92775681622927;4.18350870812421;22.4442177768277
96;DK;p1_low;p1_high;p1_high;3.87633387557766;39.5478694062364;38.2936485584714;24495.7397915098;42.1302812461732;5.66178024804372;36.4685009981295;33.38;794823.160509642;57209.8632562637;2998.46153846154;11372.7876923077;229.028;35.8607472527474;866669.161743928;236834.920356923;41179.2895661538;30812.3076923077;13333.7043076923;5485.84615384615;23769.0762130177;51317.0396605917;402732.183950533;4.78612736526294;1.22170936322647;5.38882873758935;5.03465656794511;1.78381939885033;3.37430463513611;19.4335586696467
97;DK;p1_mid;mean_p0;mean_p0;20.2445178394917;0;0;29639.0171814954;40.0694021151795;4.8412809751623;35.2281211400172;0.08;940487.604317702;54854.3064861538;7033.23076923077;15258.1070769231;-78.8846153846163;2.65635164835177;1017557.02038627;267948.903447692;59419.0656307692;73.8461538461538;13307.1212307692;9432.05538461539;24104.4508284024;74002.5939046154;448288.03658071;10.6116804910426;1.43538720190825;8.11412172195555;6.62745552369493;2.65771744349768;6.0443579473526;27.3878442975505
98;DK;p1_mid;mean_p0;p1_low;20.0527654707229;0;5.00677638318287;29430.2652816263;40.2425799519394;4.98437254235609;35.2582074095833;0.044;935340.305910743;54942.0344017582;5103.69230769231;15062.2781538462;-242.882153846152;-17.2662857142859;1010188.16233448;266863.669317692;58468.47804;40.6153846153846;13517.3738461538;9201.26769230769;24101.9185502959;72795.0129763314;444988.335807396;10.4301361290835;1.36344883422523;7.97560144989755;6.55287163748979;2.60192802771426;6.06900292007736;26.8523790357179
99;DK;p1_mid;mean_p0;p1_mid;18.0443444991953;0;17.8488075733112;28653.6600525737;36.8749444433132;4.92384488823134;31.9510995550819;0.508;908079.550159263;50314.8767789011;4000;13641.3692307692;-1339.72430769231;-3.98452747252773;974692.087333769;260935.783013077;52453.2914584615;468.923076923077;13378.1590769231;8074.74461538462;24092.3315384615;65221.860630355;424625.093409586;9.0494238752099;1.28384123415123;7.11807765136731;5.98327806760335;2.41702742894488;5.38542527598446;25.0294249019271
100;DK;p1_mid;mean_p0;p1_high;15.6964433070574;0;38.8187803323747;25857.8427012556;36.8915312565759;4.99623461374149;31.8952966428344;15.984;826659.189228438;50406.7220536264;3267.69230769231;11722.1538461538;-889.849230769231;-65.0806153846151;891100.827589757;243578.730627692;43440.5459046154;14754.4615384615;12789.2830769231;6437.57538461538;23890.1874260355;53978.3525151479;398869.136473491;6.52191765977267;1.12498584366135;5.78508069199942;5.13204835605946;2.02372481041464;4.19444872891132;20.7088457730381
101;DK;p1_mid;p1_low;mean_p0;20.1825675363358;5.02320827506494;0;29481.5559867885;40.1953562680726;5.03925134245194;35.1561049256206;0.072;936311.867771086;54797.1560931868;5291.69230769231;15051.2455384615;-66.861846153846;2.65635164835211;1011387.75621592;267065.452405385;58506.2626769231;66.4615384615385;13454.192;9188.52923076923;24099.9803550296;72867.4940327219;445248.37223929;10.4037407548231;1.40042069934818;7.87691467874575;6.54381091791109;2.6646158491752;6.02143907032166;27.2839551150147
102;DK;p1_mid;p1_low;p1_low;19.6291068768532;4.95415411441721;4.85961296544963;29305.1196146499;39.5506850453208;5.06631046426923;34.4843745810516;0.124;930455.617729531;53841.4142294505;4329.53846153846;14670.6203076923;-143.702153846155;-9.29723076923074;1003144.1913436;265784.981206154;56973.9882553846;114.461538461538;13560.1544615385;8872.50461538462;24100.8343491124;70965.8205949704;440372.745021006;10.126167667979;1.29942063178424;7.78850934296137;6.37053766813103;2.57639968638418;5.88824429115772;26.8567904332365
103;DK;p1_mid;p1_low;p1_mid;17.5405067833735;4.43088619696776;17.2677786208819;28182.747699357;36.2875822505147;4.94587648029412;31.3417057702206;1.512;893875.872671712;49548.8813626374;3833.84615384615;13075.0283076923;-1588.87261538462;-45.1579780219778;958699.597902482;257920.774366154;50801.9428307692;1395.69230769231;13118.988;7704.60923076923;24070.7737573965;63141.0738310651;418153.854323846;8.49913018740487;1.24169143676608;6.86601728930581;5.73672628218885;2.2860342378186;5.0917339943382;24.5140521977674
104;DK;p1_mid;p1_low;p1_high;15.8187766289109;3.94582567407431;39.0516940543986;25611.7950085133;37.7173433915953;5.02204346777209;32.6952999238232;19.544;820071.998809756;51568.8046857143;3195.38461538462;11644.0061538462;-568.964307692307;-54.4552087912087;885856.774748217;242147.107426154;42711.5581969231;18040.6153846154;12824.1726153846;6268.92923076923;23859.5995857988;53082.0403428994;398934.022782544;6.17103475417779;1.15070080802331;5.79562833418322;5.14343134467779;1.93400496220213;4.01043732217741;20.3388821147459
105;DK;p1_mid;p1_mid;mean_p0;18.6650665414264;18.7948713520027;0;28965.9470327149;38.1082456387332;5.23080756870301;32.8774380700302;0.308;918730.898211676;51692.401498022;4078.46153846154;13902.0147692308;-1079.87692307693;1.32817582417571;987325.227270138;263211.39612;54348.6302492308;284.307692307692;13352.2990769231;8259.67384615385;24095.970295858;67627.5134421302;431179.790722604;9.27884023697082;1.34294892076312;7.39265727308227;6.15225017537007;2.49680477962003;5.51604849967693;26.0625697685549
106;DK;p1_mid;p1_mid;p1_low;17.7707506926886;17.8413278865115;4.42584959759423;28525.8508704007;36.9421653275741;5.06407331490227;31.8780920126718;0.88;903744.92626216;50298.2170637363;3869.23076923077;13373.3686153846;-1518.85384615385;-3.98452747252738;969762.904336885;259999.207054615;51972.7138276923;812.307692307692;13049.8778461538;7836.75692307692;24080.7989053254;64659.3362584615;422410.998507633;8.64640463610754;1.24918367248983;6.96430191507417;5.74075487514579;2.37165070697825;5.30940780171815;25.1745517427315
107;DK;p1_mid;p1_mid;p1_mid;16.2935487250592;16.4013611630494;16.0776439262097;26863.3608779914;36.2150553547834;4.99993261118389;31.2151227435995;8.752;854566.313651936;49478.3447226374;3587.69230769231;12101.8596923077;-1549.36461538461;-111.566769230769;918073.278989958;249508.641302308;46429.4604338462;8078.76923076923;12578.3769230769;6827.20615384615;23964.8042307692;57707.3662162722;405094.624490888;7.171566380727;1.15049270248281;6.19851044339668;5.34636978045946;2.05754543958719;4.45822678761374;22.9672330767516
108;DK;p1_mid;p1_mid;p1_high;15.6910021662668;15.8515087517484;38.7594675678375;25042.5058766933;40.3607761907144;5.1438606806346;35.2169155100798;27.516;807040.303343549;55280.4634021978;3129.23076923077;11518.5101538462;-32.3341538461525;-31.8762197802199;876904.297295197;239380.268268462;42073.4457569231;25399.3846153846;12919.3123076923;5953.40307692308;23805.2113017751;52358.9915497633;401890.016876923;5.32870492228738;1.21660304299183;5.49254784341659;5.03346661666481;1.811938031669;3.66115328246681;19.3424167297218
109;DK;p1_mid;p1_high;mean_p0;16.0059927386655;40.7444320277686;0;26603.2398914349;37.111003291541;5.34765999522725;31.7633432963138;12.216;846430.46453265;50372.6687384615;3406.15384615385;11890.8609230769;-1289.41569230769;-107.582241758242;910703.150106276;247724.884024615;45391.8497630769;11276.3076923077;12240.5510769231;6541.14461538462;23922.8471301775;56488.3111911834;403585.895493669;6.59522590267811;1.18319653544987;5.88682137763107;5.17185167976047;1.94340086443847;4.14817898294742;22.8059215054229
110;DK;p1_mid;p1_high;p1_low;15.9806968941331;40.5215717177892;3.94794856702547;26207.824260395;38.0937408252308;5.34954590336531;32.7441949218655;16.112;836730.661706917;51761.145214945;3384.61538461538;11767.2036923077;-888.033846153846;-85.0032527472528;902670.588899884;245644.376974615;44869.5514;14872.6153846154;12372.8344615385;6395.64923076923;23885.8580473373;55825.6821007101;403866.567599586;6.33230425927305;1.14461648106981;5.85548974914969;5.23154797566528;1.95447855379646;3.99955240362753;22.4017777429033
111;DK;p1_mid;p1_high;p1_mid;15.5378782281409;40.2725021972678;15.7502686480416;25383.5246415831;40.6343170607708;5.48957856716898;35.1447384936018;26.072;816404.488044476;55249.2946461538;3212.30769230769;11609.0695384615;-34.9516923076911;-34.532571428572;886405.675657662;241343.030305385;43130.4459323077;24066.4615384615;12698.6526153846;6020.91692307692;23811.218964497;53730.9592428994;404801.685522012;5.48949478549247;1.1611590534266;5.67120293451379;5.15385977898812;1.79853899169967;3.63751124595991;21.0322279998737
112;DK;p1_mid;p1_high;p1_high;15.597913044817;39.9970837755263;38.6447703896959;24005.9920515786;45.9531007683326;5.70601791527606;40.2470828530566;42.76;786230.196208737;62725.3037573626;3018.46153846154;11431.1686153846;170.709538461537;-11.9535824175822;863563.886075989;234999.9999;41196.8416953846;39470.7692307692;13619.144;5373.63692307692;23727.0671301775;51318.1690008284;409705.627880237;4.08987563441189;1.25967622897647;5.28282396219889;5.06636621738514;1.65026747801663;3.05153162290951;18.5745461365789
113;DK;p1_high;mean_p0;mean_p0;40.8604902835008;0;0;27821.04604414;35.3029229258433;4.42133881659672;30.8815841092466;5.028;878151.132539999;48887.5794496703;3620;12136.7963076923;-1886.38276923077;-87.6596043956041;940821.465923735;254279.058576923;47307.4943692308;4641.23076923077;11836.0836923077;7520.95384615385;24018.19;58767.8166985207;408370.827952367;7.41792523736187;1.12702346084409;6.20568062074582;5.34561919654941;2.15587710491444;4.58173117438068;23.0691717975902
114;DK;p1_high;mean_p0;p1_low;40.1750571054714;0;3.9598668992397;27226.6441322056;35.7858752984693;4.42539370759388;31.3604815908754;8.652;861099.489275464;49579.9160791209;3467.69230769231;11848.5692307692;-1820.46246153846;-87.6596043956041;924087.544827112;250656.591828462;45725.7269015385;7986.46153846154;11735.9203076923;7197.00923076923;23969.6534319527;56795.3562147337;404066.719453609;6.90427084344177;1.14700128442441;5.988030988681;5.27271737378229;2.06203148149104;4.39933925195815;22.255378662305
115;DK;p1_high;mean_p0;p1_mid;38.9106573488941;0;15.174590612757;26160.7038388957;37.608017613067;4.49119974441506;33.116817868652;19.648;831251.571593827;52182.5345459341;3158.46153846154;11372.328;-626.022769230769;-116.879472527473;897221.993436465;244223.031918462;42513.9185846154;18136.6153846154;11709.5753846154;6585.00923076923;23859.5550295858;52836.589535858;399864.295068521;5.82788271768677;1.13777323348898;5.6758727412374;5.08675024739858;1.84505401690123;3.85508879226333;20.3063228441354
116;DK;p1_high;mean_p0;p1_high;37.3933475673963;0;36.546702984244;24714.1390966571;41.3929054044788;4.70142286366524;36.6914825408135;35.664;796143.717258982;57454.6769002198;2892.30769230769;10839.5446153846;287.252923076923;-5.31270329670311;867612.186686674;236817.006722308;39281.2990984615;32920.6153846154;12350.4206153846;5692.70769230769;23762.0586094675;48852.6385697041;399676.746692249;4.37317295924447;1.15545895807032;5.05890833809207;4.89799928857032;1.66572317083753;3.23065335321608;18.1148680103344
117;DK;p1_high;p1_low;mean_p0;40.0170642951822;4.03957764416303;0;27366.9691806149;35.7945926263341;4.46490329421468;31.3296893321195;8.06;864758.50395812;49569.2868342857;3480;11866.9569230769;-1998.00553846154;-111.566769230769;927565.17540779;251393.76648;45960.6198184615;7440;11661.4243076923;7228.30153846154;23974.3912426035;57098.9906307692;404757.494017988;6.9302043762639;1.15648018023265;6.14296812299987;5.21853102258527;2.00844175638106;4.44689032776195;22.3603073136328
118;DK;p1_high;p1_low;p1_low;39.4869754381849;3.94923655241731;3.99280676430225;26858.0497466832;36.408576873658;4.49484840319161;31.9137284704664;12.256;850523.138173778;50418.8730584615;3393.84615384615;11675.2652307692;-1379.77169230769;-92.9723076923072;914538.378616855;248370.243182308;44742.04936;11313.2307692308;11586.9950769231;6951.48923076923;23926.8052071006;55587.5720052071;402478.384831538;6.44392864250744;1.12648783910489;5.78733466713728;5.21767458814625;1.97055924851611;4.1798161331992;21.7872787429662
119;DK;p1_high;p1_low;p1_mid;38.6712727701477;3.78713567700481;14.9897447832351;25921.1146101361;38.5628955622978;4.54684159673755;34.0160539655602;22.24;826240.31224631;53482.0926206593;3230.76923076923;11288.2043076923;-374.290769230769;-74.3778461538459;893792.709790046;243164.273766923;42635.9023169231;20529.2307692308;11762.2827692308;6480.66461538461;23839.4676035503;52993.5000683432;401405.321909586;5.57047163223701;1.15492692978504;5.51543111989537;5.05056314783265;1.82875414092791;3.77088660409782;20.249162491747
120;DK;p1_high;p1_low;p1_high;37.8081023669181;3.7066843159806;36.8358428671964;24537.9868661682;42.5097411685179;4.87887116184107;37.6308700066768;37.896;793286.581770058;58859.0437679121;2870.76923076923;10908.4984615385;233.944615384615;-13.2817582417584;866145.55608742;236242.989512308;39491.0382646154;34980.9230769231;12493.8163076923;5646.57230769231;23752.6572485207;49121.1505043787;401729.14722213;4.20413474770969;1.17541903277653;4.99914615409741;4.95196718693832;1.65011372216691;3.1490521127312;17.7578411980535
121;DK;p1_high;p1_mid;mean_p0;39.030010272397;15.5215295082847;0;26362.5807327318;37.9333866653366;4.76120434899292;33.1721823163437;18.3;837559.645252315;52316.1958786813;3255.38461538462;11405.4258461538;-784.140307692307;-95.6286593406594;903656.882625502;245550.576184615;43619.8287692308;16892.3076923077;11466.4184615385;6627.15692307692;23868.9415384615;54237.2650578106;402262.494627041;5.79149768348034;1.12281887288613;5.63154919588022;5.08156908936297;1.87825253393477;3.8261058513162;21.317579766176
122;DK;p1_high;p1_mid;p1_low;38.8712480049415;15.5935999515161;3.83480662556126;26125.6901483886;38.6536128170458;4.70119306201906;33.9524197550268;21.216;831373.9535272;53406.3420167033;3241.53846153846;11368.6504615385;-550.217538461538;-49.1425054945051;898791.124423024;244233.349137692;43094.2449353846;19584;11555.5249230769;6480.66461538461;23845.103964497;53607.567528639;402400.455104675;5.57398097268424;1.15627499243662;5.56268519021858;5.04771336059331;1.82669457953565;3.71809504192897;20.5310480023496
123;DK;p1_high;p1_mid;p1_mid;38.6364916449982;15.4701669041376;15.0303013910803;25417.6609496329;41.0448312945967;4.74334639298982;36.3014849016069;30.18;814617.872245017;56792.9990716483;3058.46153846154;11262.0018461538;171.099692307693;6.64087912087893;885909.07527271;240704.576300769;41715.7556215385;27858.4615384615;12005.376;6126.14769230769;23788.0126035503;51929.6841521893;404128.013908817;4.93492282023406;1.16877427597465;5.42024659441025;5.06148601790055;1.71910110915886;3.43981125771215;19.405087506363
124;DK;p1_high;p1_mid;p1_high;38.3524351302005;15.330865396371;37.6068435841628;24098.3572720447;45.9634365912333;5.03379760520882;40.9296389860245;45.46;786154.449124644;63637.8721723077;2860;11085.0203076923;239.828615384616;-10.625406593407;863966.544813435;234773.908283077;39894.1692430769;41963.0769230769;13049.6086153846;5468.56615384615;23719.574260355;49637.0105376923;408505.914016509;3.84206350945587;1.2616922615792;5.06634005668462;4.99145273999262;1.54659086441546;2.90596323425341;17.3040225198022
125;DK;p1_high;p1_high;mean_p0;37.7844927490747;37.9420899252837;0;25230.6536906331;41.8720449980923;5.17105238953016;36.7009926085621;33.688;809588.339767733;57593.5157538461;3013.84615384615;10948.4916923077;249.492615384617;-31.87621978022;881361.809763337;239563.956143077;40806.4498061538;31096.6153846154;11664.0178461538;5747.09538461538;23769.581183432;50847.2341221302;403494.949870177;4.35223750374464;1.18105875535134;5.09144537932578;4.85745877780585;1.65381643769872;3.17114291991856;19.4363254589728
126;DK;p1_high;p1_high;p1_low;37.8850740480555;38.4329384633813;3.78530213569245;25002.0244257352;43.0057587030094;5.12613316090916;37.8796255421003;35.896;805333.266612918;59293.5675815385;3013.84615384615;11024.8006153846;175.558461538462;-22.5789890109892;878818.460436214;238721.914183846;41069.6324430769;33134.7692307692;11939.536;5694.03692307692;23759.3703846154;51166.5889542603;405485.848119645;4.18506495712437;1.19458373092084;5.10499177631318;5.03024234273912;1.64964847596534;3.11889406695244;19.1049682475977
127;DK;p1_high;p1_high;p1_mid;38.6923467085798;39.0683806867734;15.1195056756805;24402.3407697751;46.3051103465996;5.35889473023716;40.9462156163625;44.308;794114.233422891;63735.5343841758;2987.69230769231;11182.0153846154;-32.9492307692318;-19.9226373626376;871966.603631243;236400.758785385;40776.4103938462;40899.6923076923;12646.0006153846;5493.54461538462;23721.8317751479;50778.366954497;410716.605447337;3.80266190509922;1.27623341786853;5.08865928928268;4.93237406506652;1.51552129640444;2.89594983714383;18.158531711248
128;DK;p1_high;p1_high;p1_high;40.200446434203;40.699840446766;39.5801172990115;23039.908248092;53.7364866223182;5.74249195491128;47.9939946674069;62.532;770342.609176061;73809.4390083516;3027.69230769231;11597.5772307692;72.3735384615401;-27.8916923076925;858821.799569028;231589.875946154;40993.9358923077;57721.8461538462;14374.1667692308;5111.00307692308;23657.2401183432;51062.3508504142;424510.418807219;3.00015632113688;1.40379712066152;5.04379341865094;5.04870578293747;1.40866566246087;2.48922802042458;16.7473489125744
193;IT;mean_p0;mean_p0;mean_p0;0;0;0;20028.1832161172;34.3915532889711;4.34905743918832;30.0424958497828;0.052;811407.355203872;48121.2261660659;21391.6923076923;17209.4641476923;-197.572321538464;-11.5989626373623;897920.566541146;333930.697890646;59503.8060953846;48;8921.01723076923;9457.58769230769;24133.3455325444;76789.0141591716;512783.468600824;9.45969701593142;1.14726527201474;6.33636850217233;5.09467195698429;0.926452705235464;1.72808220470702;21.1898903796846
194;IT;mean_p0;mean_p0;p1_low;0;0;5.00683771548366;19802.7414000672;35.9154937911987;4.38421300571584;31.5312807854829;0.056;807246.550882851;50366.0590003516;17723.3846153846;17398.4229692308;-11.4598430769226;7.73264175824185;892730.690266499;332799.7671504;59552.2003476923;51.6923076923077;9236.01507692308;9449.94461538461;24124.805591716;76849.095984142;512063.52107395;9.24056490639397;1.15887471859832;6.26495470046979;5.21333646576386;0.923577350639182;1.76551301459779;20.7604646212033
195;IT;mean_p0;mean_p0;p1_mid;0;0;20.3592663030003;19145.5542016262;39.6597075701363;4.63606005988639;35.02364751025;0.076;795504.886282785;55616.3787814505;8404.92307692308;17650.5435138462;126.068866153844;-23.1979252747254;877279.602595884;329652.791621723;59480.2301230769;70.1538461538462;10200.3683076923;9291.87692307692;24105.1637278107;76744.6658237751;509545.250373309;8.44230841638746;1.18224710026958;6.24120228227561;5.29766195416833;0.882674943729928;1.64681068068004;20.1157603708977
196;IT;mean_p0;mean_p0;p1_high;0;0;44.6456490666241;18041.2326198889;36.3030944935137;4.83277360939658;31.4703208841171;0.92;756356.609285161;50619.8424436044;3844.61538461538;15445.1466830769;-1036.11532923077;-41.2407560439561;825188.857711182;318034.187375262;51175.6183538462;849.230769230769;11201.9504615385;7734.46153846154;24083.0044378698;65904.7824482959;478983.235384504;7.01494590155582;1.06306070200368;5.38109158430223;4.68360266366893;0.780868696131032;1.4687107420287;18.0385483237246
197;IT;mean_p0;p1_low;mean_p0;0;5.1060343929721;0;19854.5745814795;35.9984402615876;4.39537644316379;31.6030638184239;0.072;809022.917077626;50455.589347956;18049.5384615385;17395.2648830769;101.58431230769;2.57754725274755;895027.471629757;333322.565052738;59924.3397138462;66.4615384615385;9105.75723076923;9457.42153846154;24124.9912426036;77359.4174461183;513360.953762999;9.09802536044333;1.15567180032096;6.31773039803856;5.25169285376202;0.918769759919378;1.70148579683246;21.0403772165139
198;IT;mean_p0;p1_low;p1_low;0;5.16839208698994;5.13476804372216;19602.9511503325;37.6005986759477;4.47993063266121;33.1206680432865;0.076;804698.875446183;52776.169540044;14776.6153846154;17546.3266707692;56.6306461538458;0.000000000000595410900071049;889854.617687766;332170.032727385;60203.6253476923;70.1538461538462;9430.37846153846;9444.18461538461;24117.8548224852;77700.2473785089;513136.477199148;8.90058233909545;1.18483468711027;6.32119353240329;5.20520986314899;0.896622228874855;1.69878018674105;20.6655515821844
199;IT;mean_p0;p1_low;p1_mid;0;5.21009123176719;20.3485282794169;19046.4152924114;40.3366261368719;4.66859408646805;35.6680320504039;0.088;793373.650841714;56542.0355624615;7055.07692307692;17677.9135938462;-175.00926923077;0.00000000000025444219381016;874473.667651867;329060.9174112;59282.1980707692;81.2307692307692;10462.8846153846;9203.20615384615;24102.7057100592;76487.8803119172;508681.023042407;8.32298696757626;1.22402150071462;6.15374519400764;5.38473378757571;0.893982052206022;1.65979212113049;19.9287511200779
200;IT;mean_p0;p1_low;p1_high;0;4.42227342031813;43.157118545003;17748.1042839637;35.8608229277591;4.88306967091199;30.9777532568471;2.256;745420.367041404;49983.7740147692;3758.46153846154;14936.6948123077;-1742.66312;-50.2621714285715;812306.372115514;314781.284212615;49319.2511169231;2082.46153846154;11006.6596923077;7361.94461538462;24056.2855621302;63494.4024943077;472102.28923213;6.50096600154419;1.04337955611022;5.16386557063189;4.53621076483372;0.765671029617584;1.37885441919277;17.5415592707531
201;IT;mean_p0;p1_mid;mean_p0;0;20.7821434752221;0;19366.7786721477;39.7822528511853;4.91804123533236;34.864211615853;0.072;802107.246757882;55417.3421508571;9796.30769230769;17794.2364338462;51.0790415384604;3.86632087912123;885170.078397311;331549.509572862;60334.8989323077;66.4615384615385;9908.50646153846;9341.72307692308;24105.2082840237;77879.5109714556;513185.818837572;8.64574241160265;1.20306763353426;6.26843587972941;5.39055843052628;0.900305229329985;1.6756358367538;21.0272022815685
202;IT;mean_p0;p1_mid;p1_low;0;20.8994566697796;5.10790156940722;19171.4419823793;40.7271075615222;4.90444668438054;35.8226608771417;0.06;798292.624338313;56801.7702832527;7908.92307692308;17757.3920953846;61.7159892307684;-2.57754725274743;880819.848235851;330497.618190092;60440.7219876923;55.3846153846154;10251.0163076923;9293.53846153846;24101.064556213;78011.5273393964;512650.871458009;8.38445143822745;1.23851955766098;6.17016362485462;5.41874486859793;0.890844398532945;1.65188909534673;20.8946505971818
203;IT;mean_p0;p1_mid;p1_mid;0;19.6483069173643;19.164277668406;18749.1988916494;39.4697314431796;4.99382699787028;34.4759044453094;0.252;783018.344887575;54896.4420182857;4323.69230769231;16697.3278430769;-670.538464615388;7.73264175824201;858273.001233772;325864.462671138;56291.7948861538;232.615384615385;10794.7310769231;8441.72307692308;24094.9603550296;72583.987755503;498304.275206286;7.52437981815793;1.16832790723031;5.75026598608395;5.09476812539467;0.852594994290097;1.52890841130533;19.8598561355759
204;IT;mean_p0;p1_mid;p1_high;0;16.4193678859881;40.2058270819387;16776.8305366113;36.5377854009345;4.89776417658929;31.6400212243452;11.584;712729.877797489;51051.4335420659;3498.46153846154;13829.2592676923;-1287.89219076923;-73.4600967032964;779747.679858237;304914.712935323;45050.0586430769;10692.9230769231;10631.6409230769;6513.67384615385;23936.7486686391;58017.2778712071;459757.0359644;5.30084675575591;1.03250911847611;4.62166628687646;4.18628500821476;0.648542260512665;1.19202917370775;16.2203931331657
205;IT;mean_p0;p1_high;mean_p0;0;48.7816995584605;0;18688.0014485876;39.3531996651184;5.49538923335648;33.8578104317619;0.42;781044.200269889;54187.2278068571;4246.15384615385;16429.4168676923;-926.723626153848;16.7540571428571;854997.029221582;325289.906770708;55683.0135046154;387.692307692308;10799.0015384615;8211.21230769231;24088.2397928994;71843.7188886982;496302.785110767;7.24753480022193;1.19429417641325;5.61236988534338;4.9374890574168;0.804741485972558;1.45079770982474;20.436111578026
206;IT;mean_p0;p1_high;p1_low;0;46.5908340234466;4.5113629687043;18405.367027528;37.8840477476421;5.48968193707061;32.3943658105715;0.86;769642.299645584;52136.6587949011;4135.38461538462;15654.6330646154;-1453.21514769231;-0.000000000000140754929079689;840115.760972793;321831.236826831;53216.0466646154;793.846153846154;10705.3929230769;7765.08923076923;24077.9695857988;68607.0618834438;486996.643268381;6.8961405989248;1.09055180010635;5.30683161985848;4.69254841712822;0.798677780886574;1.44178188656906;19.6861598956515
207;IT;mean_p0;p1_high;p1_mid;0;42.0396484816866;16.1725811058424;17165.8617566544;36.7812488184313;5.32101432524267;31.4602344931887;8.928;726050.388714381;50848.4218523956;3663.07692307692;14028.7450430769;-1387.91375384615;-83.7702857142856;793118.948493371;308835.087260123;46881.3908553846;8241.23076923077;10369.6058461538;6651.19384615385;23962.7026627219;60410.8255629467;465352.036802715;5.50453693095139;1.04109106789395;4.69898939377112;4.1994806750355;0.686428154859475;1.21019254359145;17.4763994283443
208;IT;mean_p0;p1_high;p1_high;0;39.6645103803504;38.5870048871571;15705.8558414926;40.9545027208593;5.42760378152078;35.5268989393385;28.76;683767.331647079;56918.5918214506;3116.92307692308;13100.7940615385;55.7651707692322;-12.8877362637367;756946.518041497;296212.078076123;41863.0748769231;26547.6923076923;11014.3003076923;5658.97846153846;23798.4981656805;54022.2573172308;459116.87951288;3.91371701677408;1.02711485823085;4.1570957418091;4.1619936210969;0.582509663697437;0.960579136875776;14.7413015152529
209;IT;p1_low;mean_p0;mean_p0;5.11261734091797;0;0;19839.8620464906;36.3510989963687;4.28987336834133;32.0612256280274;0.056;808870.402435333;51158.5574562637;17079.3846153846;17376.8427138462;124.189944615384;-6.44386813186777;894602.933297311;333253.866197908;59888.3900307692;51.6923076923077;9106.99076923077;9531.74769230769;24124.1149704142;77276.1678824142;513232.969850736;9.13037503550085;1.15410444726205;6.29874830531209;5.31911569514451;0.891588900877775;1.76716960268543;20.9179391218834
210;IT;p1_low;mean_p0;p1_low;5.12876423985028;0;5.08714570658136;19621.226970362;37.9342882070217;4.32177294409496;33.6125152629267;0.056;805360.287447173;53482.6460522198;13502.1538461538;17523.69372;-24.5026661538485;16.7540571428578;889861.032456535;332335.973100185;60002.9117230769;51.6923076923077;9409.51015384615;9488.21538461539;24115.9463313609;77417.2315913136;512821.48059209;8.85162682626766;1.20092866307129;6.16477930904288;5.27288140293846;0.919109689124311;1.71332102390331;20.6639979578677
211;IT;p1_low;mean_p0;p1_mid;5.15242019366666;0;20.2556720179827;19075.7667332063;40.2998703735036;4.59490973110977;35.7049606423938;0.06;793475.401728134;56576.9491186813;5993.84615384615;17596.3297015385;-76.8868584615399;7.73264175824164;873573.372485496;329034.114315692;58691.3465784615;55.3846153846154;10438.4424615385;9173.63076923077;24102.6463017751;75722.1760266036;507217.741068686;8.29578704798675;1.20640724287396;6.12010747711884;5.36391927805723;0.887579456632036;1.6678197842923;19.9992953927185
212;IT;p1_low;mean_p0;p1_high;4.34540149738521;0;42.7579875511818;17686.8212780023;35.6032620806664;4.73078736618357;30.8724747144828;2.792;742389.516523973;49800.0307408352;3713.84615384615;14737.2090369231;-1760.98395538462;-81.1927384615387;808798.425761731;313819.033703262;48634.6512030769;2577.23076923077;10899.1126153846;7332.36923076923;24046.8693491124;62591.0944651124;469900.361335948;6.48908183983664;1.00845346502191;5.07752149177562;4.48502990911402;0.743468103402922;1.31361360543242;17.4872669217703
213;IT;p1_low;p1_low;mean_p0;5.14784176652723;5.1334096635848;0;19697.0563946805;37.6120645337264;4.44013205600605;33.1719324777204;0.056;806953.665627718;52829.7466551209;14172;17600.0141353846;66.4021184615375;-12.8877362637358;891608.940800422;332780.905423385;59950.8908246154;51.6923076923077;9316.032;9496.85538461538;24116.6815088757;77387.8920230888;513100.949472272;8.88980593612821;1.16407088386268;6.29427473750159;5.21347794340033;0.909468149532664;1.68284541427621;20.9275483932629
214;IT;p1_low;p1_low;p1_low;5.09616453675308;5.13141879143835;5.05292809111065;19473.6585327871;39.0574161779804;4.48279078634902;34.5746253916314;0.072;803206.472989238;54909.5427581538;11157.2307692308;17621.5943907692;337.679344615383;10.3101890109891;887242.830441018;331797.851216862;60249.0168646154;66.4615384615385;9649.45753846154;9460.91076923077;24111.089704142;77779.7564394911;513114.544071264;8.64844539352841;1.2123762183204;6.24610134605998;5.32519342499632;0.91289737810829;1.64961879995589;20.6137242649002
215;IT;p1_low;p1_low;p1_mid;5.14370177260837;5.04916710906464;19.967499086457;18958.2881196781;40.2371283672738;4.75914169659565;35.4779866706781;0.076;790650.992915935;56272.0081687912;5124.30769230769;17315.2600338462;-284.147610769231;-11.5989626373622;869066.822237473;328154.546409231;58163.4989876923;70.1538461538462;10546.2753846154;8970.53538461538;24098.495147929;75026.6295454675;505030.134705704;7.9863989799941;1.17135447055168;5.98659846216591;5.21904616159127;0.865293085467468;1.59599786970241;20.0364107921172
216;IT;p1_low;p1_low;p1_high;4.26454525956701;4.22261611414184;41.5199186832534;17329.7126742628;35.6779104245342;4.744128092486;30.9337823320482;5.824;730035.133325849;49946.687538989;3624.61538461538;14310.8674061538;-1699.81938769231;-61.8611340659343;796155.623133849;310109.756613785;47017.4741323077;5376;10682.9206153846;6981.50769230769;24004.0062721893;60516.5415211243;464688.206847098;5.97285900894229;1.00382055625704;4.83573522470007;4.27596144946554;0.733498209029704;1.27884049334898;16.847340327319
217;IT;p1_low;p1_mid;mean_p0;5.16393200096325;20.8816220759808;0;19270.561754761;40.9838863460684;4.75857245691519;36.2253138891532;0.052;800703.151439576;57411.4115045275;7232;17761.6028769231;-184.022775384615;-6.44386813186776;882917.69917751;331128.633453785;60350.3481569231;48;9989.93938461539;9331.64307692308;24101.3096153846;77891.4805801657;512841.354267796;8.20815015034503;1.21127394347078;6.21337266758607;5.36902679947501;0.873207783225455;1.63907028188364;20.5547875092895
218;IT;p1_low;p1_mid;p1_low;5.1728898271492;20.4384105676308;5.11359818901052;19125.021780652;40.9272872071719;4.83796672187227;36.0893204852996;0.108;796057.963990185;57211.0077773187;5435.07692307692;17487.3757292308;10.6837646153834;-6.44386813186841;876195.664316295;329745.743612862;59215.8997969231;99.6923076923077;10291.9473846154;9088.28307692308;24096.9208284024;76442.6903634083;508981.177370826;8.04776987261703;1.20989070554731;5.96773576220845;5.32192576399607;0.879770636554966;1.58167821784258;20.4928087200739
219;IT;p1_low;p1_mid;p1_mid;4.61356103654717;18.7891512805059;18.4461070178807;18611.2278326337;38.0408885358483;4.87167686098089;33.1692116748674;0.54;774519.962346676;53078.1667337143;4000;15923.0703876923;-1289.43259076923;-24.4866989010986;846207.280178412;323222.853420554;53550.5923230769;498.461538461538;10568.2861538462;8033.76;24088.9007100592;69014.0519577278;488976.906103725;7.1126460519579;1.10929833973817;5.46795656677671;4.78025428981471;0.785488576424787;1.48921206516151;19.0986130683567
220;IT;p1_low;p1_mid;p1_high;4.06844152947392;16.1301164983763;39.7850524853562;16572.709929674;37.4112684914496;4.93290348449897;32.4783650069506;14.908;706599.413875884;52285.7550124835;3353.84615384615;13612.9303661538;-1018.55881538461;-112.123305494506;774721.263287488;303011.775990831;44338.7409015385;13761.2307692308;10623.0916923077;6383.07692307692;23899.0169822485;57107.0966682604;459124.029927493;5.15580925110522;1.00337545431956;4.49183721728132;4.14124212329803;0.660867249817961;1.14231827938197;15.6227455931248
221;IT;p1_low;p1_high;mean_p0;4.57414592352876;46.3396224659679;0;18467.798621364;37.8553553362398;5.40173106549673;32.4536242707431;0.924;770300.437601913;52227.6593407473;4081.53846153846;15624.1048984615;-1793.40364;-30.9305670329672;840409.406095627;321966.454997354;52874.4787723077;852.923076923077;10415.1652307692;7752.68307692308;24076.7294378698;68172.2050638817;486110.639656028;6.66072788812303;1.08418749114588;5.24454217046154;4.65115016117741;0.77303974326505;1.41135986603512;19.3407463581932
222;IT;p1_low;p1_high;p1_low;4.40566149604338;44.4834641884688;4.36384695304253;18023.8824174791;36.9534113140027;5.2683106965338;31.6851006174689;2.872;754267.512798005;51139.4733003077;3978.46153846154;14896.16604;-1925.65433692308;-50.2621714285713;822305.697168423;317170.424058092;50479.4397846154;2651.07692307692;10334.8867692308;7303.62461538462;24041.8270710059;65039.2534965917;477020.532717998;6.25424462832056;1.0745027057947;5.07700428667141;4.47638981191028;0.753283925600223;1.3458839842574;18.5236590514541
223;IT;p1_low;p1_high;p1_mid;4.00523112869762;41.4600332541622;15.9966016641269;16895.8705541934;37.780321242251;5.22935933660535;32.5509619056457;13.572;716909.355170081;52457.731384;3478.46153846154;13789.2568430769;-1082.23464923077;-85.0590593406593;785467.511227048;305981.537560615;45597.56056;12528;10307.0409230769;6457.34769230769;23910.4382248521;58778.8208472426;463560.745808095;5.13545836505629;1.0238859243715;4.60267833821103;4.23432495941702;0.660519303081392;1.17894740474152;16.910252663273
224;IT;p1_low;p1_high;p1_high;3.92585464824744;39.9338234873413;38.6846591498455;15517.4391456496;42.4450204668565;5.51273539354383;36.9322850733126;32.9;679859.301700211;58963.3212534505;3055.38461538462;13153.9551784615;262.794910769232;18.0428307692306;755312.800489046;295020.388286585;41664.4865353846;30369.2307692308;11154.4901538462;5604.36923076923;23774.4229585799;53767.0147627456;461354.402697141;3.72765626439499;1.09312428934742;4.06229261716772;4.03787798789849;0.596093069754831;0.951796484879949;14.4833293938564
225;IT;p1_mid;mean_p0;mean_p0;20.4780476785582;0;0;19456.738802051;40.4027222791623;4.33976148940807;36.0629607897542;0.056;803748.507455969;57140.7085946374;7220.92307692308;17467.9008646154;65.2204707692281;1.2887736263739;885644.549236541;331801.468673538;59767.5717415385;51.6923076923077;9578.57630769231;9516.07384615385;24104.874112426;77117.2198948757;511937.476883917;8.25016819824069;1.16623404319856;6.06988447137599;5.3585997531618;0.869872498702425;1.64041670649819;20.1993188254174
226;IT;p1_mid;mean_p0;p1_low;20.1831384280175;0;4.97005433687068;19337.7005006281;40.4328105521335;4.428542304008;36.0042682481255;0.08;799916.65954783;57015.9263774945;5253.23076923077;17304.2067323077;-262.389341538463;1.28877362637393;879228.922858951;330640.100188615;58496.9985569231;73.8461538461538;9826.42153846154;9280.08;24101.2650591716;75445.5658503195;507864.277347337;7.99665256323143;1.21448377397404;6.01634015051999;5.17036862977087;0.890834909220072;1.59741733468643;19.7761443547832
227;IT;p1_mid;mean_p0;p1_mid;18.3602750196518;0;18.0926034073218;18768.8501133423;37.4091250552183;4.56365370281006;32.8454713524082;0.564;776937.096744981;52574.1874921319;4005.23076923077;15769.9032092308;-1131.23998153846;-16.7540571428568;848138.424176893;323707.051833231;53000.8637169231;520.615384615385;10060.0732307692;8199.80307692308;24089.9923372781;68288.2541608284;487866.653740568;7.04983362505462;1.1076547277321;5.29139001918277;4.74158280322019;0.788660105413481;1.43785951662214;18.3250682389073
228;IT;p1_mid;mean_p0;p1_high;15.9271247512614;0;39.4567349403206;16739.6521220603;36.7756650043269;4.51852373463728;32.2571412696896;14.576;709455.837114996;51877.1312414945;3300;13450.8152769231;-700.298912307692;-67.0162285714285;777316.468492534;303720.966298523;43956.2892246154;13454.7692307692;10303.7418461538;6547.12615384615;23903.1904142012;56598.2947855148;458484.377953624;5.12745190290267;1.01612692236561;4.44901600941085;4.07595306191357;0.668819327388907;1.14696679807626;15.4583730865638
229;IT;p1_mid;p1_low;mean_p0;20.47069003527;5.01512371157465;0;19365.4637156313;40.7451206141668;4.4367183408702;36.3084022732966;0.068;801724.011588776;57466.2664731429;5566.15384615385;17316.8390769231;122.947604615384;-9.0214153846152;882187.197174226;331181.473015938;59325.7899569231;62.7692307692308;9739.22492307692;9333.13846153846;24100.3813609467;76560.0720144497;510302.848963643;7.99854914246799;1.22573323135786;5.96846288979098;5.2250238951173;0.84439077773816;1.60707745077153;20.0076016011894
230;IT;p1_mid;p1_low;p1_low;19.7716396000245;5.01222122865736;4.87760221185969;19233.1294615196;39.6891813988967;4.54113453751245;35.1480468613842;0.172;795372.885422543;55803.4626720879;4472.30769230769;16922.0783076923;-350.33682923077;-18.0428307692304;872202.35443463;329219.500178769;57002.1575169231;158.769230769231;9943.62153846154;8947.66153846154;24098.9332840237;73511.0012206982;502881.644508107;7.69460752255516;1.23061702470178;5.85827487210837;5.04744871948437;0.884519329900373;1.55749662798682;19.7251255603036
231;IT;p1_mid;p1_low;p1_mid;17.8409008174371;4.43732604161455;17.5779083237497;18518.4917792276;36.8132353446466;4.45829126493291;32.3549440797137;0.976;768373.131523071;51918.577612044;3973.84615384615;15233.5549107692;-1595.08934615385;-39.9519824175819;837864.068871159;321223.228243754;51753.2988276923;900.923076923077;10058.4803076923;7898.84307692308;24079.0983431953;66643.859029858;482557.730906038;6.6376386189514;1.08726878188105;5.15582478175613;4.53519906085386;0.782570258665036;1.41444587856036;18.3717557264238
232;IT;p1_mid;p1_low;p1_high;15.8295942749349;4.00351412229367;39.3443465150707;16461.2764738527;38.0029614211741;4.67351398363575;33.3294474375383;19.144;702092.727026858;53480.4038052747;3320;13447.1308430769;-481.322836923076;-64.4386813186817;771794.500156968;301508.630918031;43294.5816461538;17671.3846153846;10333.4486153846;6365.24307692308;23862.599704142;55762.9002588639;458798.788834883;4.83359241261444;1.01300264037824;4.35952259484417;4.0892564083798;0.610067781011163;1.10037646640594;15.1596333867316
233;IT;p1_mid;p1_mid;mean_p0;18.7514757142234;18.8252188816255;0;19036.28203095;38.7498673604034;4.71193440296229;34.0379329574411;0.316;787180.363032252;54329.4042419341;4132.30769230769;16050.4465292308;-1055.23882923077;-20.620378021978;860616.662288472;326713.883542338;54907.1091261538;291.692307692308;9948.28092307692;8402.12307692308;24094.1657692308;70790.6037254911;495147.858470907;7.23132159588042;1.19399957267901;5.55969668603244;4.80966931721464;0.814166097498458;1.5225560591703;19.3108001969177
234;IT;p1_mid;p1_mid;p1_low;18.0915605156948;18.1460594802833;4.45677178129456;18684.4769263786;37.4885496532135;4.70533914495046;32.783210508263;0.912;774081.200240148;52578.7918884396;4024.61538461538;15357.7729661538;-1397.13592307692;-28.3530197802197;844616.8915365;322845.502440185;52677.8412092308;841.846153846154;9851.352;7950.24;24078.5116863905;67889.0490078343;486134.342497486;6.68426295000018;1.1001533257352;5.3034651362547;4.68602805123575;0.789021381487891;1.41448071839624;18.590449209867
235;IT;p1_mid;p1_mid;p1_mid;16.5458179739167;16.5989880402432;16.2094362668323;17549.0127686883;36.6297886037779;4.65010727171616;31.9796813320617;7.608;734853.969457197;51504.9307576264;3593.84615384615;14018.7444369231;-1750.93889076923;-82.4815120879121;802138.070402735;311178.692008246;47166.2388953846;7022.76923076923;9802.80092307692;6984.27692307692;23974.8739349112;60754.1102002485;466883.762115714;5.55813274923021;1.02115102264405;4.72720092932209;4.28743986211672;0.702230604917795;1.24013987714022;16.8951997942769
236;IT;p1_mid;p1_mid;p1_high;15.8820110136272;15.961523602783;39.1381340882432;16009.0812102109;40.7476735902667;4.89654742156925;35.8511261686974;27.82;691114.267287198;57218.4703635165;3195.38461538462;13378.1792953846;40.8008461538469;-10.3101890109891;764936.792218627;298229.098929231;42341.3290061538;25680;10647.3178461538;6052.15384615385;23800.9264792899;54575.7348293609;461326.560936343;4.06579661233316;1.06109741445127;4.19883526035251;4.11287693387272;0.569470529774147;1.04808888553038;14.5693122288931
237;IT;p1_mid;p1_high;mean_p0;16.2010882324969;41.0913871541842;0;17294.1782873871;37.3193964328536;4.94860828162059;32.370788151233;10.996;727386.008572141;52201.8254031648;3575.38461538462;13749.2544184615;-1481.62574615385;-72.1713230769232;795358.675939922;308931.538704923;46345.8750707692;10150.1538461538;9654.76061538462;6697.71692307692;23939.7933431953;59738.1195265562;465457.958030059;5.17752595865489;1.00975319124077;4.47607998842844;4.18737126963527;0.667761758333796;1.13874398972037;17.1571787671505
238;IT;p1_mid;p1_high;p1_low;16.1194288508799;41.0679606588025;4.01053793891403;16960.3092441718;38.3038290491371;5.10923910572204;33.1945899434151;14.824;717961.689685771;53421.8996861538;3452.30769230769;13601.8770646154;-1165.50024461539;-74.7488703296703;787197.525013903;306171.689651446;45483.6340738462;13683.6923076923;9837.31292307692;6526.8;23898.2298224852;58627.6811591361;464229.039937683;4.95064614921344;1.02922955486145;4.41120192140228;4.20602197588889;0.660869236429032;1.12294321736602;16.7282586560216
239;IT;p1_mid;p1_high;p1_mid;15.9504475695545;40.7159457268775;15.7427950915932;16240.3763309259;41.2025924242276;5.25088508846166;35.951707335766;25.644;699241.706928925;57445.7736133626;3300;13462.3949261538;-390.124229230769;-20.6203780219781;773039.130861189;300603.7791072;43831.5999753846;23671.3846153846;10295.1809230769;6125.64923076923;23812.7041715976;56550.5332413846;464890.831264798;4.22270885959336;1.02811229953982;4.24707470311872;4.09297939126338;0.593525116596965;1.02810733000755;15.5351881532471
240;IT;p1_mid;p1_high;p1_high;15.7894569552629;40.1685178428439;39.2896610356865;15072.9977971427;46.3812937792911;5.4470755958813;40.9342181834098;43.044;671885.900165823;64860.5741861099;3038.46153846154;13216.0642061538;234.639792307694;-11.5989626373631;753224.040926219;292668.483472062;41502.8871815385;39732.9230769231;11573.4363076923;5474.32615384615;23727.7948816568;53565.0509939053;468244.902067624;3.1604702840446;1.10016187255194;3.98396014285635;4.09461571447176;0.550057175705301;0.83975843333449;13.7371410592835
241;IT;p1_high;mean_p0;mean_p0;41.3146211490629;0;0;18157.5878185355;35.6655270453897;4.14443825422526;31.5210887911644;5.324;750431.355817948;50753.0654257582;3595.38461538462;13949.2665415385;-1627.19285846154;-59.2835868131864;817042.595955355;315508.714191692;47505.1466646154;4914.46153846154;8970.75784615385;7586.80615384615;24011.0387278107;61144.4550374201;469641.38016;5.83274549728966;0.985815928313822;4.69910228990506;4.27306829412095;0.665791822507019;1.26567415012767;16.9664587626899
242;IT;p1_high;mean_p0;p1_low;40.3490075766283;0;3.96192246023337;17812.3664733483;36.0928745155508;4.15044238804301;31.9424321275078;8.064;739389.897070871;51418.8283384615;3480;13710.8310369231;-1943.40563846154;-90.2141538461536;805965.936653948;312210.107132677;46240.7287784615;7443.69230769231;8957.33076923077;7336.35692307692;23976.2328994083;59497.6987141065;465662.147524653;5.29848394010468;1.01460932152757;4.53533118379702;4.23894204263591;0.661947244088547;1.20784610022035;16.3627706654373
243;IT;p1_high;mean_p0;p1_mid;39.1355487791031;0;15.4070319669351;16922.690198268;37.8853474598218;4.21822607890235;33.6671213809194;18.724;712343.401999439;53971.0806693626;3247.69230769231;13152.3761353846;-796.901153846153;-77.3264175824178;781840.32354045;304135.415551385;43176.6923661538;17283.6923076923;9294.21138461538;6682.04307692308;23865.4884319527;55594.5542582367;460032.097376959;4.54653604584058;0.99024059751464;4.25870459257631;4.11466109137881;0.621331402552867;1.06950390628759;15.0622161700007
244;IT;p1_high;mean_p0;p1_high;37.8174571260747;0;37.1966951854288;15723.5974575055;41.8263703442474;4.44589525465124;37.3804750895962;35.304;680723.767667985;59540.0869859341;2846.15384615385;12552.8661138462;245.615261538462;-23.1979252747252;755885.291950183;294871.658380062;39694.58884;32588.3076923077;10277.4864615385;5799.26769230769;23764.2195857988;51153.7125360947;458149.241188109;3.37175477922509;0.987964132141247;3.86737899946831;4.02662256420644;0.529742816730013;0.870972457061575;13.2741802349846
245;IT;p1_high;p1_low;mean_p0;40.7197385250778;4.10284065658454;0;17887.0585984119;36.1990318503392;4.20606893378123;31.992962916558;7.7;742201.677050742;51530.6062202198;3524.61538461538;13697.6723446154;-1752.39413076923;-113.412079120879;809088.764790302;313045.312938646;46692.7267753846;7107.69230769231;9003.09446153846;7354.8;23980.7999112426;60108.0786238935;467292.505018398;5.46170224907513;1.00000834550357;4.60365505020339;4.24784181802056;0.705282181852401;1.21086893534616;16.70421385934
246;IT;p1_high;p1_low;p1_low;40.0068849477124;4.01947331988717;3.88560289688294;17500.2332413062;36.7489640475671;4.23733763256789;32.5116264149993;11.832;730042.570159866;52270.1350065934;3447.69230769231;13415.0236338462;-1306.86772;-57.9948131868128;797810.558574811;309396.217387015;45385.0556676923;10921.8461538462;8957.89507692308;7089.50769230769;23931.505887574;58413.0464373254;464095.074302684;5.09704591566412;1.01006203561466;4.40170639702179;4.05961229184902;0.640614954834137;1.1246651430234;15.9659628622065
247;IT;p1_high;p1_low;p1_mid;38.9777429310431;3.86050939752306;15.2883633344683;16749.7681526336;38.8207980178169;4.25731339473799;34.5634846230789;21.464;708510.508958185;55285.3576358681;3218.46153846154;13045.0012061538;-566.297033846154;-48.9733978021974;779444.05890702;303033.771440308;43044.1550769231;19812.9230769231;9437.41384615385;6567.17538461538;23846.210443787;55441.076755929;461182.726024639;4.38682627633827;1.01207599287312;4.18924988296156;4.03543666567866;0.613741367328399;1.05257937353418;15.1425416365466
248;IT;p1_high;p1_low;p1_high;38.0577707581891;3.77682030043643;37.1863377627526;15617.1365627846;42.7565938970334;4.5344884104657;38.2221054865677;37.788;678970.150509665;60780.2910201319;2909.23076923077;12668.6626061538;264.315079999999;-15.4652835164831;755577.184701665;294372.693960923;39666.7091323077;34881.2307692308;10485.3218461538;5743.71692307692;23751.0160946746;51120.3285493018;460021.017275669;3.33459144081478;1.04704944046076;3.85488598051975;3.94428534911498;0.577177760601423;0.900711448102298;13.0441484199308
249;IT;p1_high;p1_mid;mean_p0;39.2068845952153;15.7158601585903;0;17160.8785961495;38.0282436233858;4.3711907003557;33.6570529230301;17.488;719435.072664208;53984.8540259341;3326.15384615385;13270.2780184615;-1037.55457538461;-82.4815120879123;788896.322467285;306202.196947569;43895.6538615385;16142.7692307692;8999.67138461539;6713.61230769231;23878.1721005917;56552.4970053136;462384.57283809;4.56508975757005;0.984913416730529;4.28389380617032;4.02032954745596;0.635524107928227;1.05600035247946;15.7170781921655
250;IT;p1_high;p1_mid;p1_low;39.2194008747138;15.572509732237;3.83076494165419;16889.4625668517;38.9985320000788;4.42012043614794;34.5784115639308;20.616;712970.799904798;55369.7968293626;3358.46153846154;13119.7425784615;-851.419747692307;-60.5723604395607;783906.808742952;304305.201572123;43709.6054184615;19030.1538461538;9163.91076923077;6586.33846153846;23850.02;56293.0463852663;462938.276452774;4.34715785319255;1.00705605774193;4.18049003997838;4.02830178553631;0.608763305058373;1.04103620111343;15.3050686179838
251;IT;p1_high;p1_mid;p1_mid;39.0484978828939;15.6031097113371;15.2249006248925;16250.4537369973;41.5614515855243;4.52898569297101;37.0324658925533;30.04;696692.843046639;58931.9697046154;3147.69230769231;13006.0514769231;-51.1173846153863;12.8877362637366;771740.326887518;299565.079836369;42225.4022861538;27729.2307692308;9745.19046153846;6229.71692307692;23788.3244970414;54433.3151882248;463716.259961636;3.75794406094158;1.01295847983704;4.04039081514857;4.06149365462021;0.58114149466253;1.02267516890761;14.2687887960037
252;IT;p1_high;p1_mid;p1_high;38.8860916386358;15.5651945655544;38.166531029746;15154.4715027737;46.4766672705078;4.87095022391112;41.6057170465966;45.388;671831.3682594;65792.002512967;2890.76923076923;12906.0454153846;167.100724615385;-14.1765098901103;753573.109633247;292389.214097354;40386.679;41896.6153846154;11117.344;5570.75076923077;23719.8341715976;52068.8031488639;467149.240571662;2.92548168396888;1.07446157223355;3.76877453770251;3.93812858140247;0.519328185897707;0.866077128343518;12.892058959373
253;IT;p1_high;p1_high;mean_p0;38.0604307355199;38.3480272736844;0;16145.6416431638;42.1334746559698;4.87939128754559;37.2540833684242;33.004;693318.156887149;59452.2333934066;3080;12656.5566092308;146.815807692309;-11.5989626373624;768642.163734842;298445.0202216;41346.0381446154;30465.2307692308;9556.03046153846;5858.86153846154;23773.6729289941;53347.8212983314;462792.675362772;3.41913866313033;1.04766828641991;3.89992005808062;3.98112949605854;0.573381232525143;0.938837592879599;14.1654363796681
254;IT;p1_high;p1_high;p1_low;38.3554088394217;38.6982706063421;3.82724915435402;15942.4379247136;43.2546026922576;4.86411354266308;38.3904891495945;35.304;689318.206602182;61103.5692037802;3064.61538461538;12745.5093692308;143.524226153847;-11.5989626373629;766363.825823325;297371.495994646;41506.6845323077;32588.3076923077;9912.60369230769;5802.97846153846;23761.0783727811;53580.9013741894;464524.050120078;3.30394044601966;1.0433587649699;3.93449209018063;4.01413814093503;0.57368343883302;0.9230666091917;14.3371057820988
255;IT;p1_high;p1_high;p1_mid;38.9323484974256;39.4482908476976;15.2402241685827;15399.1196192246;46.7787855847304;5.1327232948626;41.6460622898678;44.276;679180.317028409;65885.6664606593;3006.15384615385;12972.3652246154;121.151724615385;0.0000000000000196714439609353;761165.654284452;294460.875816923;41355.5281538461;40870.1538461538;10722.6581538462;5610.01846153846;23721.4678994083;53357.7803868284;470098.482718544;2.97249157194411;1.11507986541804;3.86784224041073;4.0159470660849;0.53231315484699;0.844850390735403;13.5878277544702
256;IT;p1_high;p1_high;p1_high;40.6206644189724;41.2261407717982;40.0803673549922;14217.8907342796;54.1949547057735;5.5413722130297;48.6535824927438;62.452;658350.581838;76071.4287566593;3070.76923076923;13417.1290246154;281.918410769231;-19.3316043956047;751172.495656417;288632.105149846;41612.7755753846;57648;12659.0418461538;5231.46461538462;23658.5545266272;53702.2806875148;483144.222400911;2.32425340940432;1.2274119189697;3.86343098718985;4.13438015819355;0.489658586453949;0.741017144755054;12.398142121301
257;US;mean_p0;mean_p0;mean_p0;0;0;0;19731.3754542539;35.8258687374059;5.23016282312372;30.5957059142822;0.024;503977.110944843;42628.1496313077;16702.4615384615;54436.0153846154;93.8000000000006;19.1999076923076;617856.73740692;160719.225352154;47172.1207938462;22.1538461538462;7572.83076923077;14788.0139076923;19329.3837573964;64352.1302677515;313955.858694225;2.77489469540725;2.21553172925028;7.03412208745644;5.44188002004842;2.60707054651634;7.66140964527645;24.1488925677399
258;US;mean_p0;mean_p0;p1_low;0;0;5.38237431694315;19531.0432283537;37.9545544841271;5.36641431320063;32.5881401709265;0.1;501256.651461112;45231.5353862308;13237.5384615385;54948.0461538462;68.1923076923059;6.39996923076943;614748.363739651;160163.431848923;47306.2158184615;92.3076923076923;7862.88338461538;14804.6799230769;19320.769556213;64516.6636286982;314066.951852296;2.67618508405195;2.32843503654892;6.96926173314391;5.46428953850254;2.56026002123879;7.58284684592522;23.6500296261364
259;US;mean_p0;mean_p0;p1_mid;0;0;20.9921295455277;19033.6247004311;41.3452419489867;5.59854917538852;35.7466927735982;0.044;493671.121111871;49264.525746;5286.15384615385;55366.8;133.161538461539;7.46663076923095;603729.228873256;158521.174982308;46562.6135046154;40.6153846153846;8732.48184615385;14291.8657384615;19305.9026331361;63477.348158284;310932.002247574;2.48424454960459;2.41424284210334;6.85066179025478;5.50652850746755;2.5222199952629;7.14468869110705;22.8041466888709
260;US;mean_p0;mean_p0;p1_high;0;0;42.4748454501445;17230.2097758169;35.8911981117676;5.91364943397713;29.9775486777905;5.108;452892.444863551;42278.7991803077;2876.92307692308;44245.0153846154;-1553.4;-65.066353846154;540674.716151551;148820.422871077;35974.1990923077;4715.07692307692;8778.35046153846;10589.0692615385;19203.9877218935;48931.4420221894;277012.548353621;1.78946188960885;2.03694985457914;5.39255702223558;4.46983382416311;2.06300107183853;5.56561836627767;18.9773484572232
261;US;mean_p0;p1_low;mean_p0;0;5.38984210859662;0;19570.0068378428;37.754850888385;5.39586103612691;32.3589898522581;0.048;502377.555895158;44943.1600430769;13964.9230769231;54963.9230769231;-53.2692307692307;4.26664615384609;616200.559507466;160412.346716308;47599.8637292308;44.3076923076923;7741.21076923077;14824.287;19322.6334911243;64945.7936967456;314890.443094947;2.64196838696229;2.28023496574497;6.95460948384367;5.41981618314898;2.51405317308313;7.57013479761908;23.9573956691596
262;US;mean_p0;p1_low;p1_low;0;5.40181952797108;5.28386235055927;19345.6742049225;39.6591323064851;5.53579683739761;34.1233354690875;0.032;499509.4283642;47207.7008270769;11041.2307692308;55227.8769230769;137.123076923077;7.4666307692308;613130.826591277;159837.657531231;47934.74644;29.5384615384615;8081.38830769231;14805.1255384615;19315.4970710059;65380.6108535503;315384.564203479;2.63092665338391;2.35706012136822;6.9811841286863;5.54975316065612;2.49698532170693;7.50896815618101;23.5465104354842
263;US;mean_p0;p1_low;p1_mid;0;5.29347939142091;20.835683934622;18924.6037255898;41.5135455521635;5.81759157461284;35.6959539775506;0.088;491874.18894181;49220.4042146154;4069.23076923077;54582.8769230769;-97.4923076923068;4.26664615384611;599653.475187194;158082.059895231;45840.0907138462;81.2307692307692;8854.66215384615;13923.2526923077;19302.5237869822;62500.1249112426;308583.944922686;2.40866642216806;2.40665946897035;6.7018183526177;5.40347488779738;2.46065386866572;6.86382946499105;22.7221187078395
264;US;mean_p0;p1_low;p1_high;0;4.29246299895713;41.3822529031751;16950.9326767271;36.3215301367221;5.90012585711236;30.4214042796098;7.392;447249.428146915;42879.4783791539;2844.61538461538;42955.0153846154;-1551.65384615385;-59.7330461538461;534317.150402992;147453.903464769;35185.9889353846;6823.38461538462;8713.47938461538;10175.0034461538;19169.6868639053;47871.3392618343;275392.785972047;1.73426998393498;2.0083044502719;5.17265150763082;4.29660901431558;1.94179235515695;5.35783357614739;18.5881722098443
265;US;mean_p0;p1_mid;mean_p0;0;21.8691499605617;0;19172.5394795102;42.3640330089473;5.95337125602863;36.4106617529186;0.064;497620.402997247;50184.0581508462;6196.92307692308;55890.7384615385;48.6384615384612;4.26664615384667;609945.027794247;159435.289423846;47941.6536646154;59.0769230769231;8411.62769230769;14499.4333846154;19303.2960946746;65400.025397929;315050.402581065;2.47659955475824;2.43656673608361;6.92562214999661;5.52930282131841;2.48257033675164;7.06762262435585;23.6214132693627
266;US;mean_p0;p1_mid;p1_low;0;21.4738071380859;5.4019439867208;19029.8505384532;42.2964775926468;5.98016682460611;36.3163107680407;0.068;495208.471803329;50024.1522566154;4638.15384615385;55003.6153846154;48.0769230769223;7.46663076923087;604929.93684456;158847.860397231;47050.1981784615;62.7692307692308;8685.82338461538;14136.0786;19300.8232248521;64183.7728298817;312267.325845811;2.43087721018822;2.43489222959364;6.80048955963518;5.56401018862163;2.41285740155176;6.91847436546631;23.4644191232213
267;US;mean_p0;p1_mid;p1_mid;0;19.2186449584879;18.7162530121464;18392.5045620085;38.4252561551897;6.09131385603313;32.3339422991565;0.432;480147.061127599;45189.58975;3295.38461538462;49220.4461538462;-1439.99230769231;-6.39996923076931;576406.089369907;155206.852484769;41492.8462338462;398.769230769231;8748.20430769231;12040.2603230769;19290.9168934911;56512.380362426;293690.229836071;2.09982407176059;2.15387028063198;5.96317977909433;4.86221955110354;2.25794248479361;6.2273882848703;21.3705111096996
268;US;mean_p0;p1_mid;p1_high;0;16.2847041661955;39.8690248920102;16366.4729492665;38.6803432792839;6.12103525469669;32.5593080245872;16.636;434329.939625329;45670.125883;2629.23076923077;40976.3538461538;-558.976923076923;-61.8663692307693;522984.806831406;144279.464975077;32923.6715230769;15356.3076923077;8718.68184615385;9220.40616923077;19064.8312426036;44795.9724763314;274359.335924781;1.4197875265733;1.9950646212072;4.83273788696205;4.19869904977677;1.80870316095086;4.73752091775091;17.3197458846007
269;US;mean_p0;p1_high;mean_p0;0;46.5635351970066;0;18101.3612162279;38.1042428513475;6.54575730525733;31.5584855460902;1.672;473758.091608646;44401.8201215385;3133.84615384615;47279.4923076923;-1571.23846153846;-35.1998307692309;566966.811899415;153676.543266923;40079.9929784615;1543.38461538462;8573.54092307692;11398.0394307692;19261.2127514793;54620.0506050296;289152.764571124;1.92259678732541;2.09502319976246;5.73169452155225;4.77548028824623;2.20331789462863;5.81189043220996;21.4492602260756
270;US;mean_p0;p1_high;p1_low;0;44.4761392539348;4.31681840909017;17604.4118139949;37.2442509630443;6.44249296302421;30.80175800002;3.892;463113.572747193;43501.0062325385;3107.69230769231;44753.0769230769;-1669.81538461538;-67.1996769230771;552738.333148962;151150.036867846;38099.4134061538;3592.61538461538;8451.47476923077;10674.1818;19222.5825147929;51898.239341716;283088.544084355;1.79992936047576;2.08313469506303;5.43157882936989;4.59602984257695;2.04291356853943;5.46160498280759;20.4374182300553
271;US;mean_p0;p1_high;p1_mid;0;41.6380552525999;15.9690638304888;16600.0707983133;38.8577054142561;6.39302928276685;32.4646761314893;14.704;439523.71612565;45634.4498866154;2695.38461538462;41518.1538461538;-593.076923076924;-55.4663999999999;528723.161150726;145502.975437846;33990.7116307692;13572.9230769231;8519.784;9336.17704615385;19081.2873372781;46327.4417440828;276331.300273053;1.4631334065748;2.09862463044271;5.07338874384571;4.27405362385315;1.8760257398545;4.73335148471473;18.520915879598
272;US;mean_p0;p1_high;p1_high;0;39.4037595863859;37.9868166324535;15577.7875590229;43.0408324096163;6.68951450226113;36.3513179073552;29.992;419975.692175887;50634.5316986154;2301.53846153846;38737.7076923077;187.430769230768;7.46663076923093;511844.367428348;140816.019231692;30396.1106307692;27684.9230769231;9205.95784615385;7860.83363076923;18968.8423076923;41459.5634142012;276392.250138201;1.06062467350843;2.11718252169948;4.40736234369552;4.03477820690396;1.62860145202219;3.8068019005237;16.2919374251845
273;US;p1_low;mean_p0;mean_p0;5.35449104569439;0;0;19583.2759308459;38.2241112291531;5.2965739569175;32.9275372722356;0.06;502132.229564811;45659.6965893077;12782.1538461538;55122.6923076923;-9.98461538461592;1.06666153846164;615687.854354119;160350.064365231;47323.9887876923;55.3846153846154;7738.73323076923;14859.7579846154;19320.3759763314;64560.1257337278;314208.430693751;2.68422252641856;2.33246053217012;7.07134940115729;5.46643567892128;2.57830160102802;7.50109719412954;23.5345083550112
274;US;p1_low;mean_p0;p1_low;5.43851662195051;0;5.36453796187126;19370.3930169654;39.9353273593927;5.45653361854286;34.4787937408498;0.048;499535.243803721;47668.5996703077;10020.3076923077;55350.9230769231;24.0230769230766;4.26664615384624;612603.363966336;159813.387927692;47611.9449230769;44.3076923076923;8009.52430769231;14798.7978;19312.9870710059;64924.5406538462;314515.490375621;2.56730533530765;2.31338369369389;6.87613653832122;5.46853351045986;2.5452962438502;7.4219545433904;23.3355957099439
275;US;p1_low;mean_p0;p1_mid;5.25302214205773;0;20.4620050578541;18899.5421142135;41.0381850146562;5.57708659740811;35.4610984172481;0.064;491674.957658228;48900.8899666923;4065.23076923077;53689.8;-71.1230769230762;4.26664615384643;598264.021963382;157991.11815;45531.1767415385;59.0769230769231;8750.77076923077;13872.4525384615;19304.0089940828;62048.7857810651;307557.389897456;2.41646352733612;2.35446907240045;6.59129265117272;5.37905171037626;2.39045707170715;7.00332695233241;22.3263179604542
276;US;p1_low;mean_p0;p1_high;4.21289609647286;0;41.103452470005;16933.8554183696;36.3340211916436;5.74488765319986;30.5891335384438;8.18;445822.858808297;43087.7059190769;2787.69230769231;42820.0615384615;-1511.88461538462;-86.3995846153844;532920.034373528;147085.087106308;34708.8993569231;7550.76923076923;8619.244;10113.7758923077;19156.2531656805;47203.3269526627;274437.355704651;1.64269378643881;2.00570682423892;5.19655549020436;4.32163094301961;1.90887407598588;5.21231568278104;18.4197936774755
277;US;p1_low;p1_low;mean_p0;5.34790676216487;5.43387917476176;0;19441.4545804925;39.7194879421845;5.46785160009701;34.2516363420875;0.048;500608.221916444;47392.2869212308;10514.1538461538;55468.0153846154;213.861538461538;3.19998461538469;614199.739591521;160050.006634154;47696.8457661538;44.3076923076923;7920.71815384615;14878.6520769231;19315.3559763314;65075.9839053255;314981.870205041;2.59697899269711;2.27511256513372;6.95528192156992;5.5458196628464;2.53499233424201;7.32708774487861;23.5687054967487
278;US;p1_low;p1_low;p1_low;5.38569304483755;5.41367985201244;5.39971259460604;19258.2607771843;41.0887504642511;5.47367375906106;35.6150767051901;0.056;498295.796833361;49119.917371;7652.92307692308;55515.6461538462;51.4846153846139;-1.06666153846166;610634.701388976;159552.696809077;47582.3455723077;51.6923076923077;8268.81907692308;14679.8184923077;19308.9324556213;64890.5406878698;314334.845401799;2.51382548192787;2.43386331619974;6.96952453559501;5.50564202324976;2.53583383156644;7.22752021072606;23.292551585134
279;US;p1_low;p1_low;p1_mid;5.04367009137087;5.1036811537609;19.8866469501003;18826.5428792061;40.237450242866;5.75991842492703;34.477531817939;0.156;489260.920090564;47704.9454805385;3447.69230769231;52340.2615384615;-380.023076923077;-0.0000000000000837696365265992;592373.796340333;157350.659247692;44021.9822246154;144;8747.52307692308;13277.9124923077;19301.4098816568;59985.8188476331;302829.305770828;2.28474874741582;2.30076780449085;6.4121269438223;5.28572982247444;2.37478266773986;6.74419549742531;21.7391795876431
280;US;p1_low;p1_low;p1_high;4.18305166665183;4.15466231461337;40.6103841937212;16709.6769627769;37.1902072138997;5.96466732062002;31.2255398932797;11.58;441322.655392351;43933.0905395385;2723.07692307692;42044.0769230769;-993.630769230769;-74.6663076923078;528954.60270112;145980.176306308;33960.5651107692;10689.2307692308;8651.48707692308;9816.99604615384;19117.9125443787;46188.9905488166;274405.35840258;1.57335541057934;2.00164618699394;5.01938644994046;4.21958612636619;1.93290895231282;5.10581158853984;18.0205756411413
281;US;p1_low;p1_mid;mean_p0;5.3438303665307;21.5833066472545;0;19112.8403997145;42.3375121630658;5.87999402134341;36.4575181417224;0.068;496500.605285107;50215.8877778462;4515.38461538462;54906.3692307692;-50.7076923076915;5.33330769230788;606092.872524492;159104.028438462;46977.1094184615;62.7692307692308;8517.15384615385;14107.3809692308;19301.2390828402;64077.9978816568;312147.678867574;2.32878267731891;2.37080739540669;6.77229039902773;5.51787444897822;2.48281999711416;7.01434477594854;23.2157906924646
282;US;p1_low;p1_mid;p1_low;5.10988101842042;20.7396334617936;5.01582793300875;18969.0169803013;41.2882988365943;5.91616865793149;35.3721301786628;0.108;492657.147402261;48867.8899185385;3643.07692307692;53358.3692307692;-647.546153846154;-9.59995384615373;597869.337366953;158153.392965692;45077.3427353846;99.6923076923077;8579.17292307692;13493.9468307692;19300.7712426036;61438.7229452663;306143.041950485;2.22682675041723;2.33086874048569;6.49635957350611;5.29792142649308;2.43289025111196;6.64638785767378;22.6321627925651
283;US;p1_low;p1_mid;p1_mid;4.48807104254778;18.2930450497676;17.7578139571464;17983.4902216373;37.2315311012491;5.99154735927683;31.2399837419723;1.632;471115.140239942;43893.2859916923;3163.07692307692;46384.4307692308;-2038.36923076923;-46.9331076923077;562470.63158548;153028.768655538;39282.6308892308;1506.46153846154;8520.30092307692;11358.8252769231;19263.7598816568;53465.9883136095;286426.735478497;1.91431443029426;2.09268812347843;5.59643149109304;4.53417446164588;2.1588541056223;5.8611115913173;20.6105038887216
284;US;p1_low;p1_mid;p1_high;4.0309214651377;16.2389092355008;39.6205356093317;16202.0335077615;39.6744407118496;6.18323693432289;33.4912037775267;20.04;430945.368885802;46831.9618430769;2563.07692307692;40658.8153846154;-239.761538461538;-13.8665999999999;520745.594898109;143442.063003231;32297.9974092308;18498.4615384615;8735.74369230769;9022.37469230769;19035.4464201183;43965.4123846154;274997.499140272;1.34292670073242;1.98800681337904;4.75702400939072;4.18498121326427;1.81354852824467;4.38375880571437;16.8271727057895
285;US;p1_low;p1_high;mean_p0;4.45051385962623;44.2757100101185;0;17614.7472476673;37.3680689947;6.47613091266317;30.8919380820368;3.984;462826.869217138;43643.2648237692;3066.15384615385;44505;-1853.78461538462;-67.1996769230773;552120.303594753;151052.403852923;37892.7126615385;3677.53846153846;8265.55538461538;10646.3754;19217.9635207101;51624.1314689349;282376.68075026;1.77003134280946;2.02739846420994;5.34871056182237;4.47669673410826;2.01331400888601;5.42684899452287;20.2249402580943
286;US;p1_low;p1_high;p1_low;4.15730507788982;43.1149682392824;4.21174887257895;17179.2249752283;37.8326572050569;6.37037852528799;31.4622786797689;7.832;453474.71543115;44350.354796;2960;42710.9076923077;-1347.57692307692;-72.5329846153847;542075.868011765;148801.213600154;36527.8568215385;7229.53846153846;8194.07353846154;10122.8664461538;19161.3325739645;49740.5039378698;279777.38537968;1.62218306515217;1.99112639724971;5.04826472408742;4.32082460415893;1.93454403033028;5.14686386953757;19.3464525253173
287;US;p1_low;p1_high;p1_mid;4.07140034316177;41.3136200936116;15.8657554026921;16438.809738791;40.0597378132964;6.44574117707461;33.6139966362218;18.22;436457.979083133;47050.9851518462;2601.53846153846;40988.2615384615;-356.307692307692;-39.4664769230772;526702.990065748;144701.159207538;33462.4908769231;16818.4615384615;8470.00307692308;9120.85569230769;19045.0779881657;45618.835387574;277236.883767893;1.33407116306291;2.03159526582017;4.76470729571691;4.12608368410375;1.77410646906227;4.48687545254395;18.2198292942834
288;US;p1_low;p1_high;p1_high;3.90515838296958;39.629728196248;37.9878737771902;15491.7227391296;44.2032935746322;6.76724720387603;37.4360463707561;32.524;418834.863977818;52010.4711808462;2261.53846153846;38884.5692307692;151.8;2.13332307692321;512145.376174049;140523.389042769;30267.1970276923;30022.1538461538;9342.56861538461;7750.49926153846;18956.2106213018;41287.6025192308;278149.620934071;1.00837664005831;2.07990159579018;4.25143252427009;4.10068695550949;1.6317270904533;3.79102022757812;16.1785470070198
289;US;p1_mid;mean_p0;mean_p0;21.0318153270455;0;0;19250.0958857224;41.4916809770335;5.34498481502713;36.1466961620064;0.092;498058.629098091;49759.2692985385;4311.69230769231;54054.9692307692;74.1846153846146;6.39996923076947;606265.144519706;159361.076081077;46073.5848276923;84.9230769230769;8123.52369230769;14415.0338307692;19304.2689053254;62799.9962766272;310162.406690722;2.36442086171031;2.32043441197198;6.64918660533486;5.34698187186353;2.45843328252297;6.90722374066124;22.796082704029
290;US;p1_mid;mean_p0;p1_low;20.2399543165707;0;5.13902478183687;19088.7949060832;40.7371892644616;5.35306256667818;35.3841266977834;0.092;494947.640489865;48796.2941499231;3633.23076923077;52681.6153846154;-432.730769230769;15.9999230769232;599642.049947481;158588.311345385;44837.4015076923;84.9230769230769;8321.29292307692;13801.1540769231;19304.0312721893;61087.3491079882;306024.463310177;2.27045616684759;2.31848778215932;6.52126264915653;5.36305357417668;2.39645042756502;6.78127353738984;22.3863368725808
291;US;p1_mid;mean_p0;p1_mid;17.7469521688506;0;17.402056361694;18081.1174389004;36.6057824334452;5.46925197745718;31.136530455988;1.864;471700.921551305;43749.0640156923;3092.30769230769;45632.2615384615;-1733.65384615385;-62.9330307692307;562377.967920844;153080.770579846;38583.1831784615;1720.61538461538;8150.53353846154;11578.6919076923;19260.5963905325;52507.9344778107;284882.32545742;1.87047404147677;2.07296907532692;5.65759730659436;4.58516145404635;2.10307328138141;5.88214412712176;19.8539432575169
292;US;p1_mid;mean_p0;p1_high;15.9364318419369;0;39.1171199606594;16332.3290848878;39.0663744911669;5.74146724367538;33.3249072474915;19.284;432620.360295127;46570.9300349231;2512.30769230769;40404.7846153846;-323.046153846154;-29.8665230769232;521755.469960819;143774.251518462;32003.3940461538;17800.6153846154;8530.62769230769;9240.90447692308;19040.6372189349;43573.4199866864;273963.850324083;1.3385353821885;1.97933407107922;4.73956798244668;4.22038020936832;1.82932175951464;4.54681859608969;16.8653006373347
293;US;p1_mid;p1_low;mean_p0;20.2915543108705;5.11142080454199;0;19130.8675277697;41.0383605963727;5.5035011948951;35.5348594014776;0.072;496078.958978375;49023.7945066154;3611.69230769231;52576.4307692308;-358.823076923077;-3.19998461538435;600928.853500375;158841.097463077;45024.0150830769;66.4615384615385;8184.09107692308;13899.2785846154;19302.4495266272;61370.4778801775;306687.871152959;2.26461262160929;2.30264549556258;6.45579015252166;5.2934689810719;2.40466335695223;6.67580692367402;22.4701063930336
294;US;p1_mid;p1_low;p1_low;19.8297525166881;5.01391030800451;4.92990371358069;18943.0500179854;39.9096651661946;5.53017428395713;34.3794908822375;0.208;491628.82408881;47627.9619591539;3407.38461538462;51161.4;-737.292307692309;2.13332307692296;593090.411678733;157773.952008462;43531.0149538462;192;8353.92061538462;13301.6192307692;19300.1994378698;59319.2037973373;301771.910043669;2.2228616913221;2.26088757447353;6.25443074299856;5.18201818537238;2.35892594072664;6.59055613601235;21.9885687758
295;US;p1_mid;p1_low;p1_mid;17.1379007354225;4.29849852284099;16.8785321335774;17711.4786916578;36.3874466207129;5.57407057860212;30.8133760421107;3.788;463483.319930508;43364.1414526154;2976.92307692308;44050.5230769231;-1832.49230769231;-57.5997230769232;551984.815506201;151129.042832308;37157.1892153846;3496.61538461538;8059.31723076923;11058.9261230769;19223.8226627219;50553.1938239645;280678.10727284;1.78964139951033;2.01671035479764;5.31879614660217;4.39087820740736;2.02873951251507;5.59601985660292;19.4174177923619
296;US;p1_mid;p1_low;p1_high;15.7932593379297;4.01782653396032;38.9659960503541;16211.7872695273;39.9672346685844;5.88361077709149;34.0836238914929;21.736;430214.901648997;47589.5501646923;2427.69230769231;40295.6307692308;-269.569230769232;-34.1331692307691;520224.072490612;143196.532341692;31579.6217384615;20064;8610.88030769231;9063.7278;19020.1636390533;42991.4248949704;274526.35072187;1.34608547707242;2.00584713258904;4.69187329175444;4.07265039905939;1.7459774066032;4.39344013121775;16.6539814533305
297;US;p1_mid;p1_mid;mean_p0;18.1923451934599;18.4728307000567;0;18399.5189342362;37.7368998211798;5.80110946329906;31.9357903578807;1;479492.232692591;44761.8089850769;3195.38461538462;46928.2153846154;-1870.02307692308;-14.9332615384617;572492.685339206;154884.330455538;40166.0948615385;923.076923076923;8045.40307692308;11884.1166923077;19277.3495266272;54686.6042514793;289866.975787491;1.98907536885864;2.14335819327347;5.61077719716571;4.66329191860059;2.14332230359772;5.99931686105504;20.8004313994282
298;US;p1_mid;p1_mid;p1_low;17.5146737641071;17.3943124357512;4.33302779119851;17923.4243295478;37.0112516343205;5.84851440858012;31.1627372257403;3.04;469036.180139295;43849.8959433077;3016.92307692308;44516.9076923077;-1580.56923076923;-57.5997230769231;558781.737897988;152421.241627385;38274.8754430769;2806.15384615385;7940.80584615385;11204.7314769231;19240.0114201183;52109.5441050296;283997.36376484;1.81223960042552;2.0089592402017;5.38469739155281;4.59180051366298;2.04707929915681;5.72959241881517;19.7806883894825
299;US;p1_mid;p1_mid;p1_mid;16.3096521915544;16.4145589398829;16.0711499468062;16912.6032006544;38.1715556843175;5.80334199170471;32.3682136926128;12.624;445458.356555045;45420.1164083077;2709.23076923077;41375.2615384615;-897.523076923078;-77.8662923076923;533987.575901815;146794.186906615;34335.7432953846;11652.9230769231;8019.13415384615;9875.19341538461;19104.1966568047;46749.806137574;276531.183642533;1.46133152312683;2.02533909531747;4.81452302320798;4.24865254990344;1.8252894675087;4.93973632476527;18.0356626251615
300;US;p1_mid;p1_mid;p1_high;15.6986282577803;15.9184096074045;38.9515888191342;15854.0964284029;42.5905768487482;6.13427135593486;36.4563054928134;27.976;425021.272588354;50631.167304;2390.76923076923;39563.3076923077;14.1692307692303;-9.59995384615339;517611.086092354;141946.609644923;31153.5140492308;25824;8967.51046153846;8500.38083076923;18979.7437278107;42472.8212322485;277844.579946521;1.11088364480977;2.10577106294274;4.56760856768502;4.13829886439352;1.71716640689034;4.01213776180085;15.9855057853835
301;US;p1_mid;p1_high;mean_p0;16.0011230880524;41.0814461233116;0;16722.8187811969;39.4585210511184;6.25957357295723;33.1989474781611;16.308;441628.672709973;46521.0170690769;2687.69230769231;40952.5384615385;-890.061538461539;-47.9997692307693;530851.859240588;145840.462102154;33655.6192523077;15053.5384615385;7983.356;9385.64035384615;19062.3509467456;45864.4342766272;276845.401393219;1.36328717898855;2.06222105444459;4.74213921485393;4.16893264996065;1.83731060927095;4.56402038693255;18.2090289478047
302;US;p1_mid;p1_high;p1_low;16.0813946947871;40.9273252287514;3.91481493277248;16561.1427601316;40.4358699700275;6.42204161865376;34.0138283513738;19.26;438261.792123402;47597.3161426923;2584.61538461538;40777.8923076923;-393.03076923077;-35.1998307692308;528793.385358402;145038.298048154;33169.8210307692;17778.4615384615;8140.53723076923;9189.21309230769;19037.050443787;45223.1905059172;277576.571890166;1.30421767311677;2.05885439017548;4.74841592190936;4.12176099843071;1.78093250743831;4.34083135188609;17.9474880224834
303;US;p1_mid;p1_high;p1_mid;15.8922636743733;40.5460532752457;15.6096287095961;16020.8215018438;42.8855161447153;6.52691074259477;36.3586054021205;26.176;429569.811045949;50576.2350235385;2478.46153846154;39733.9846153846;-71.9538461538453;-9.59995384615362;522276.938423334;143009.258953385;32301.1781661538;24162.4615384615;8705.60892307692;8608.398;18991.6253846154;44058.9551893491;279837.486155041;1.13662405698513;2.1471654005903;4.51999952753973;4.12552575205316;1.68557975964426;4.08895701686765;17.2362153895334
304;US;p1_mid;p1_high;p1_high;15.5273846235425;39.8858469627565;38.4142556173567;15172.7321971027;48.1150477084069;6.8636655543347;41.2513821540722;40.82;414871.079151731;56884.6463466923;2320;39009.6;88.8846153846149;6.39996923076931;513180.610083039;139556.619480462;30066.0695476923;37680;9745.91384615385;7467.88998461538;18920.6770414201;40995.7960340237;284432.965934367;0.826550994255146;2.23480224534752;4.26757985072497;4.05530816787082;1.56744881887423;3.41654755420547;15.4190663209562
305;US;p1_high;mean_p0;mean_p0;40.6628297948388;0;0;17358.6183469046;37.2375250270361;5.37162960037935;31.8658954266567;9.924;454193.385735239;44752.5694756923;2673.84615384615;41339.5384615385;-1219.88461538462;-76.7996307692306;541662.655580162;148710.707775692;34665.2902246154;9160.61538461538;7346.43938461538;10739.5981384615;19136.8934911243;47204.0133254438;276963.557724568;1.53145061045966;2.00774446121486;4.90525168290972;4.22926154816693;1.94918975100587;4.87885119342745;18.0492948803383
306;US;p1_high;mean_p0;p1_low;40.0115495749654;0;3.96853136108109;17061.2061411506;37.9518460925532;5.32731418703213;32.6245319055211;13.164;448037.077210201;45725.3558735385;2673.84615384615;40323.4153846154;-1052.4;-74.6663076923076;535632.628314508;147236.701719231;33786.6727569231;12151.3846153846;7375.97015384615;10337.2965692308;19100.0974852071;45984.3288934911;275972.452193314;1.46158612831705;1.89428360614478;4.7305986716703;4.2152528816537;1.85799289742649;4.71458999494253;17.3946948763982
307;US;p1_high;mean_p0;p1_mid;39.0582896348252;0;15.2640819996399;16498.2021569233;39.9547165299807;5.53198810662239;34.4227284233583;21.508;436321.931275232;47988.6722299231;2441.53846153846;39132.6461538462;-208.999999999999;-15.999923076923;525659.788197463;144427.280915077;31742.3076892308;19853.5384615385;7794.35784615385;9520.48356923077;19021.7305325444;43240.6517544379;275600.350768213;1.20583394483539;2.05037202819447;4.52904181234946;4.04379287381811;1.69713798119955;4.24882938970989;16.4597512333979
308;US;p1_high;mean_p0;p1_high;37.2005662402615;0;36.2958227499087;15586.5073879161;43.3067732172928;5.76268096779273;37.5440922495;33.568;419523.987635021;52103.6383473846;2193.84615384615;36943.6153846154;-2.14615384615465;-13.8665999999999;510749.074767021;140489.654252769;28895.8943784615;30985.8461538462;8641.91076923077;8065.99495384615;18950.3663313609;39364.4105;275394.077339515;0.894551363739433;2.00715673812478;4.08356305213516;3.90833656809911;1.59145149546484;3.64953848960207;14.7978957052114
309;US;p1_high;p1_low;mean_p0;40.0653173889828;3.90459220078603;0;17085.7484463878;37.9495963741473;5.44744052489115;32.5021558492562;13.156;448516.055510736;45585.4047205385;2660;40406.7692307692;-935.93076923077;-77.8662923076921;536154.432400505;147348.896313692;33840.0474338461;12144;7302.57938461538;10354.6755692308;19096.6592307692;46080.1759497041;276167.033881858;1.42348044811362;1.95339206328796;4.68693714794357;4.03204678054933;1.77746726237609;4.68704751222782;17.8646388862118
310;US;p1_high;p1_low;p1_low;39.845729507248;3.97570052001251;4.00401103239007;16847.0246252496;38.8984677259028;5.41374530922391;33.4847224166789;16.308;444100.508774061;46807.6377551538;2666.15384615385;39862.9846153846;-666.276923076923;-40.5331384615386;532730.474929214;146287.451150769;33362.8631292308;15053.5384615385;7495.52215384615;10098.0902307692;19066.3461538462;45419.8853343195;276783.69661432;1.35492716931412;2.00912292537369;4.75541116989619;4.13161058212316;1.79030840766006;4.51227639121043;17.3546658708325
311;US;p1_high;p1_low;p1_mid;38.9170657812466;3.94998566465596;15.1619583871048;16361.0349507565;40.860614627814;5.60602910684805;35.2545855209659;23.752;433877.668191078;49015.2573218462;2436.92307692308;39031.4307692308;-109.669230769231;15.9999230769233;524267.610051386;143861.243045538;31519.9623753846;21924.9230769231;7942.68646153846;9304.98396923077;19004.6655029586;42950.5366878698;276509.001119444;1.15614972926212;2.06035613458152;4.46198907542215;4.13282449224012;1.68645594099363;4.1734895057112;16.4908983607933
312;US;p1_high;p1_low;p1_high;37.4958534693395;3.73737839220104;36.7210285987472;15498.2624379496;44.6556909236283;5.9618667164319;38.6938242071964;36.652;418243.942009329;53604.5123214615;2149.23076923077;37277.0307692308;292.3;1.06666153846153;511568.08253079;140195.992004308;28750.7186338462;33832.6153846154;8840.37969230769;7946.30266153846;18939.1827218935;39178.6731227811;277683.86422129;0.862466664155176;2.06747931771103;4.11046065114922;4.07989694768262;1.53325646540467;3.5171329607257;14.6721069268171
313;US;p1_high;p1_mid;mean_p0;39.0491396736421;15.6004888231736;0;16640.3232702317;40.1846961991383;5.67043596022344;34.5142602389149;20.744;439258.378029237;48131.9228536923;2507.69230769231;39448.2;-373.446153846154;-20.2665692307691;528952.480467545;145104.970189846;32269.8331569231;19148.3076923077;7566.22584615385;9560.23246153846;19027.3743195266;43986.9841005917;276663.927766888;1.19536674569127;2.04773743749032;4.46080222129982;4.07119802825641;1.76972169011088;4.24155814873926;17.0779490553711
314;US;p1_high;p1_mid;p1_low;39.0510037184168;15.7706833853434;3.85736181169011;16460.0589335227;40.9534014230605;5.626646809696;35.3267546133645;23.02;436009.130232403;49171.922167;2476.92307692308;39047.3076923077;-187.892307692309;-7.46663076923031;526509.924230172;144353.418591231;31939.4778953846;21249.2307692308;7742.29692307692;9345.89146153846;19010.6063313609;43533.3652322485;277174.287204071;1.12936357966591;2.06577685454902;4.39969361375318;4.04222634198619;1.70623583779081;4.20061242036154;16.6989122125935
315;US;p1_high;p1_mid;p1_mid;38.8805882323006;15.654814725981;15.1642384178441;16005.9089148777;43.3756078385031;5.89753027350172;37.4780775650014;29.836;428506.459561702;51939.3995500769;2353.84615384615;38493.6;163.730769230768;12.7999384615387;521469.835973318;142584.671667692;31038.2946461538;27540.9230769231;8323.01938461539;8777.28623076923;18968.7680473373;42314.6368195266;279547.599873018;0.991416291916923;2.08867339913188;4.37073033626626;4.07553442235774;1.64487038989971;3.92083504266352;16.0415392179182
316;US;p1_high;p1_mid;p1_high;38.472348079988;15.3660588971397;37.4004487769428;15190.4444426716;48.3023726965491;6.27837702835759;42.0239956681915;42.64;414625.396665608;57883.904025;2183.07692307692;37900.2;6.27692307692247;-26.6665384615385;512572.1879983;139382.278104;29174.1151353846;39360;9418.42030769231;7639.8084;18913.0950591716;39761.3791005917;283649.09610684;0.794236150066601;2.24184128503509;4.04466933137097;3.91398287731398;1.50272183952075;3.33818815249133;14.5452646130159
317;US;p1_high;p1_high;mean_p0;37.4889963956646;38.0654572333759;0;15931.1829018392;43.9440294550865;6.19423260403616;37.7497968510504;32.064;426735.989795384;52428.3483682308;2263.07692307692;37600.5230769231;115.223076923077;4.266646153846;519147.427886692;142120.708640308;30230.5214553846;29597.5384615385;8168.25846153846;8147.18607692308;18958.119112426;41267.7957618343;278490.127969953;0.934907753766445;2.07965611348735;4.16746698094133;3.90266102835427;1.58877129010111;3.66228749432804;16.1565789732959
318;US;p1_high;p1_high;p1_low;37.8724106358089;38.4408876448191;3.72547649524013;15762.4688990655;45.1247604582623;6.18131431128235;38.94344614698;34.328;424555.723826677;53931.644028;2327.69230769231;37751.3538461538;53.0923076923073;20.2665692307693;518639.772885446;141637.929355385;30417.1882892308;31687.3846153846;8384.57846153846;8071.52058461538;18947.6855325444;41515.5273091716;280661.81414787;0.89877981636385;2.11139937663499;4.0556629395648;3.94762520966505;1.5203141332761;3.49109354631049;15.9881469107486
319;US;p1_high;p1_high;p1_mid;38.4665625830458;38.9075624003853;14.9689912905534;15369.435558851;48.6069800053556;6.57512996177754;42.0318500435781;41.744;418704.41008334;57922.5798255385;2244.61538461538;38088.7384615385;27.623076923076;-15.9999230769229;516971.966908878;140302.935008769;29941.2168707692;38532.9230769231;9089.11323076923;7667.08006153846;18916.9640236686;40853.9129748521;285304.14524729;0.779791986715011;2.25972859483569;4.11118999158756;3.95197065670589;1.51467152638542;3.34572537005275;15.201669351913
320;US;p1_high;p1_high;p1_high;39.9822357949868;40.3753356488544;38.9505687212783;14523.6477826886;55.8877720082237;7.03562918215765;48.8521428260661;56.772;407108.338638021;66482.8966986154;2187.69230769231;38999.6769230769;213.184615384615;14.9332615384611;515006.722444329;137697.392750769;29659.1370153846;52404.9230769231;10623.3707692308;6971.65269230769;18864.4396745562;40474.6675;296695.583479172;0.63048313123755;2.48098355370947;4.16972596602606;4.03875437587092;1.35716756918032;2.88217900608117;13.9789305332275
